content,emoji,comment,current,time
[],[],[],666,
[],[],[],1418,
[],[],[],666,
[],[],[],1418,
"['COMING SOON!\n Tháng 3 này, một sự kiện đặc biệt đang sắp đến gần…\n Một chương trình đến từ Mảng Kỹ Năng mở cổng chào đón những nhà thám hiểm, bạn đã sẵn sàng cho hành trình đầy thử thách này chưa?\n Sau bao ngày chờ đợi cuối cùng Cuộc Đua Kỳ Thú đã chính thức quay trở lại với nhiều thay đổi mới mẻ và hấp dẫn hơn. Chương trình hứa hẹn sẽ mang đến cho các bạn những trải nghiệm thú vị và bổ ích, giúp các bạn rèn luyện và phát triển các kỹ năng cần thiết trong cuộc sống.\n Vậy thì các thần dân của Sức Trẻ Kinh Tế ơi, đã chuẩn bị tinh thần ""quẩy"" hết mình cùng Cuộc Đua Kỳ Thú 2024 chưa nào?\n-------------------------------------------------------------------------\n#CLBSTKT #CĐKT2024 #ComingSoon #Nấm #MangKyNang', '0:02 / 0:25']","['Tất cả, 135', 'Yêu thích, 78', 'Thích, 54', 'Thương thương, 3']","['Hoàng Thị Khánh Huyền - 4 đôi thông - Chúc chương trình thành công', 'Happy New Year CUỘC ĐUA KỲ THÚ', 'Võ Thị Thùy Hân - Hay la cà - Chúc Cuộc đua kỳ thú 2024 càng đua càng thú', 'Đoàn Khánh Ly - Hay la cà - Chúc Cuộc đua kỳ thú 2024 càng đua càng thú', 'Đạt - TrônVN - Thắng làm vua, thua thì TrônVN', 'Trần Thuỷ Tiên - Hay la cà - Chúc Cuộc đua kỳ thú 2024 thành công', 'Hương Nguyên nhanh nhẹn qá ngenn', 'Hương Nguyên team đỉnh quá', 'Trần Đức Huy chơi ri tìm giải nhất rồi', 'Trần Hà nhất đâu nhường team kia rồi :)))', 'Trần Đức Huy à thế à, cả team comment nha', 'Trần Hà team kia bịp toi quá thì chịu', 'Trần Đức Huy :))))))))))) tranh giải mạnh lên, sợ gì ba đồ liu tiu diu', 'Thao Chi omo', 'Trần Hà omo trắng tinh tươmm', 'Trần T. Huỳnh Như oke tronvn', 'Đinh Thị Tú Uyên - Nonstop - Thân ái và quyết thắng!', 'Hoàng Thị Minh Hưng - Omo- Chúc cuộc đua kỳ thú 2024 diễn ra thành công', 'Phạm Thị Nhân - 4 đôi thông - Chúc chương trình thành công', 'Nguyễn Ngô Hạ My - Nonstop - THÂN ÁI VÀ QUYẾT THẮNG!!!!', 'Tưởng Trần Tường Vy-Sảnh rồng tới trắng-CĐKT 2024 thành công nhé!', 'Thương - TrônVN - Thắng làm vua, thua thì chôn chôn Việt Nam', 'Hồ Trần Tùng Lâm - Sảnh rồng tới trắng - CĐKT 2024 thành công nhé!', 'Đinh Ngọc Thảo Nhi - Sảnh rồng tới trắng - CĐKT 2024 thành công nhé!', 'Trần Quỳnh Anh chị đỉnh', 'Trần Đức Huy đúng r đó', 'Mèo - Xingiuu - chúc CĐKT cháy như team tui nhoaaa', 'Hoa - Nonstop - THÂN ÁI VÀ QUYẾT THẮNG!!!!', 'Nguyễn Thị Ngọc Lan - Rảnh rồng tới trắng - CĐKT 2024 thành công nhé!', 'Nguyễn Chiến Thắng - Omo - Chúc chương trình thành công', 'Minh Toànn chưa up sờ to rii mà cmt', 'Coá team nào hoàn thành mật lệnh chưa', 'Trần Hà chơi 1 mình đi', 'Trần Đức Huy :)))) gì trời, dễ v còn gì', 'Trần Hà Để coi bài đăng này được mấy like', 'Bao nhiêu comment nữa :)))', 'Châu - Xingiuu - Chúc CĐKT thành công', 'sắp gòi sắp gòi', 'Tới bếnnn lun đi ạaa', 'CĐKT tới chơi', 'Cmt sẵn sàng để mình lên sản phẩm típ theo nì Đinh Uyên', 'Toi muốn được chơi', 'Giật giải thôi ae uii', 'Được 4 team hoàn thành rùi cả nhà oii', 'Yehhhhhh', 'chuẩn bị sẵn sàng', 'Chuẩn bị đua thoy nào', 'cũng mún dc đi ghê', 'Trần Đức Huy hoy mà rủ đàng hoàng mà', 'Trần Đức Huy dễ sợ', 'Trần Đức Huy đợi mà không thấy ra Tệ', 'Comment mà không like là túi ngủ k yên mô nghe', 'Team toy xin phép dành slot đi chót.\nNhg vẫn bợ giải nhất Nguyễn Trần Khánh HạNguyễn Văn ToánNguyễn Khánh Linh', 'Phan Trung Nguyên team tật', 'Trần Đức Huy team nhường đó', 'Việt Nhật - TrônVN - Thắng làm vua, thua thì chôn chôn Việt Nam', 'Nguyễn Trần Duy Thiệu - Xingiuu - Chúc CĐKT thành công tốt đẹppp', 'Lê Thị Phương Thảo - Xingiu - Chúc CĐKT cháy bằng tinh thần team4', 'FatCute - Nonstop - Happy new year', 'Xem thêm 38 bình luận', '50/54']",2626,"Thứ Ba, 5 Tháng 3, 2024 lúc 20:01",61
"['[SINH HOẠT CLB] CUỘC GẶP GỠ ĐẦU NĂM\n Sau kì nghỉ Tết Giáp Thìn vừa qua chắc hẳn các thành viên của Nhà Trẻ cũng đã nhớ nhau rồi nhỉ? Và để tiếp thêm năng lượng trước khi trở lại với đường đua deadline thì CLB chúng ta đã sẽ có một buổi sinh hoạt đầu năm để gặp mặt tất cả thành viên của đại gia đình Nhà Trẻ.\n Buổi sinh hoạt diễn ra trong không khí rộn ràng với vô vàn điều thú vị đã được chuẩn bị trước. Hết tết rồi mà vẫn được nhận lì xì thì quá là thích đúng không nào? Không những vậy, các thành viên còn được chơi trò chơi để hâm nóng lại tình cảm sau bao ngày không gặp mặt và trò chuyện cùng nhau sau bao ngày xa cách!\nBuổi sinh hoạt đầu năm đã gắn kết các thành viên lại với nhau và tiếp tục tạo nên những kỉ niệm đẹp cho tất cả chúng ta. Nào, giờ thì hãy cùng chúng mình nhìn lại khoảnh khắc ngày hôm ấy nhé!\n---------------------------------------------------------------\n#CLBSTKT #SHCLB #Cuocgapgocuanhatre #Trang #TeamPhoto', '+9']","['Tất cả, 76', 'Yêu thích, 41', 'Thích, 33', 'Thương thương, 2']","['Dễ huông quá zị ta ơi', 'Dễ huông xế', 'Chọn ngày ko có mình, hay thiệt', 'Nhớ mng ghiaaaa', 'Nữa đi ạ', 'Ngọc Nhi :)))))', 'Võ Thị Đức Hạnh ơ kìa sao cười', 'Tô Thiên Nhã ái chà check var', 'Khánh Ly cổ ghiền chụp ảnh lắm c', 'Trang Đoàn cổ muốn làm đại minh tinh', 'Khánh Ly ỏooo, ngta xinh ngta có quỳn', 'Tô Thiên Nhã thôi cổ ơi :)) em lạy cổ', 'Trang Đoàn Tô Thiên Nhã cổ biết ngại (giả vờ)']",3590,"Thứ Năm, 29 Tháng 2, 2024 lúc 20:41",13
"['[HỖ TRỢ TRUYỀN THÔNG]\n[VÒNG SƠ LOẠI CẤP TRƯỜNG CUỘC THI ĐẠI SỨ SINH VIÊN MISS&MR UD 2024]\nMỞ ĐƠN ĐĂNG KÝ DÀNH CHO THÍ SINH TỰ DO\n Link đơn đăng ký: https://bom.so/EYT3TU\n Thể lệ vòng thi: https://bom.so/8wxufC\n---------------------------\nMở bát năm Giáp Thìn, DUE có gì hot bằng vòng sơ loại cấp trường cuộc thi Đại sứ Sinh viên Miss & Mr UD 2024 không nhỉ? \nSau một thời gian ăn Tết dài hạn, vòng loại cuộc thi sắc đẹp dành cho các bạn sinh viên DUE chính thức quay trở lại rồi đây! Đây là sân chơi luôn nhận được nhiều sự quan tâm và mong chờ của các bạn sinh viên bởi sự hấp dẫn, thú vị và những cơ hội lớn lao mà cuộc thi mang lại. Vòng Sơ loại lần này có thể là nơi bắt đầu của một tân Đại sứ Sinh Viên Miss&Mr UD 2024 đấy nhé !\nVậy thì còn ngần ngại gì nữa mà không nhanh tay đăng ký tham gia để được bứt phá giới hạn của bản thân, tỏa sáng và giành được ngôi vị cao quý ấy đi nào!\n---------------------------\nTHÔNG TIN ỨNG TUYỂN:\n Thời gian mở đơn đăng ký: 20/02/2024 - 28/02/2024\n Đối tượng: Sinh viên đang theo học tại trường Đại học Kinh tế - Đại học Đà Nẵng\n Thời gian diễn ra vòng sơ loại: 7h00, ngày 02/03/2024\nĐịa điểm: Hội trường E trường Đại học Kinh tế - Đại học Đà Nẵng\n--------------------------\nMọi thắc mắc xin vui lòng liên hệ: \n Email: doanthanhnien@due.edu.vn\n SĐT: 0707338075 (Bảo Quỳnh)\n Địa chỉ liên hệ: Phòng A101, Trường Đại học Kinh tế - Đại học Đà Nẵng, 71 Ngũ Hành Sơn, TP. Đà Nẵng \n#Daisusinhviendaihocdannang #YouthDUE #Miss&MrUD2024']","['Tất cả, 17', 'Thích, 9', 'Yêu thích, 8']",['Đc rồi đi thôi'],4598,"Thứ Tư, 28 Tháng 2, 2024 lúc 09:00",1
[],[],[],5705,
"['MỪNG XUÂN GIÁP THÌN 2024\n Mùa xuân - mùa của niềm tin, hy vọng, mùa của niềm vui hạnh ngộ đang về! \n Lại một năm nữa đã qua, vậy là chúng mình đã cùng nhau đồng hành, cùng nhau hoàn thành nhiệm vụ mà Sức Trẻ giao phó và tạo nên vô vàn kỉ niệm tuyệt đẹp. Vì thế Sức Trẻ biết ơn các cậu đã luôn đồng hành cùng chúng mình trong suốt những chặng đường góp nhặt yêu thương. Cảm ơn mọi người vì đã xem Nhà Trẻ là ngôi nhà thứ hai, là nơi để trở về với những tình cảm hết sức chân thật.\n Năm mới đã đến, chúc cho tất cả chúng ta sẽ có một năm ngập tràn niềm vui và hạnh phúc. Hy vọng rằng những năm tiếp theo và những năm khác nữa, các cậu vẫn sẽ luôn đồng hành với chúng mình nhé! Chúc mừng năm mới xuân Giáp Thìn 2024!\n--------------------------------------------------------------------------------------\n#CLBSTKT #Chucmungnammoi #Mungxuangiapthin2024 #Buibuine #Tuuyen', '+3']","['Tất cả, 112', 'Yêu thích, 87', 'Thích, 23', 'Thương thương, 2']","['Chúc nhà mình năm mới vui vẻ, an khang thịnh vượng nhéeee', 'Chúc mọi ngừi cung hỉ phátt tàiii', 'Năm mới vạn sự hanh thông', 'Chúc nhà mình năm mới vui vẻ nhó', 'Chúc mọi người một năm mới may mắn, nhiều niềm vui và thành công', 'Chúc cả nhà năm mới mọi việc thuận lợi', 'Năm mới bình an', 'Chúc cả nhà năm mới mau giàu', 'Vạn sự như ý', '']",6775,"Thứ bảy, 10 Tháng 2, 2024 lúc 09:00",10
"['HÀNH TRÌNH TRÒ CHƠI LỚN “TẾT HỘI NGỘ” NĂM 2024 | TẾT SẺ CHIA\n Chiến tranh đã qua đi nhưng những mất mát mà nó để lại chẳng thể xoá nhoà bởi thời gian. Mỗi người con Việt Nam nói chung và thế hệ sinh viên Việt Nam nói riêng luôn tưởng nhớ công ơn không chỉ của những người đã nằm xuống mà cả những người trở về từ khói lửa đạn bom.\n Nhân hành trình trò chơi lớn “Tết Hội Ngộ” năm 2024 được tổ chức bởi CLB Kỹ năng NBK trực thuộc trường THCS Nguyễn Bỉnh Khiêm, CLB Sức Trẻ Kinh Tế có một phần quà nhỏ gửi đến thương binh Nguyễn Văn On thuộc tổ dân phố 22, phường Hoà Quý, quận Ngũ Hành Sơn, Đà Nẵng, với mong muốn chia sẻ một cái Tết ấm áp và ý nghĩa hơn đến với gia đình bác.\n Với đạo lý uống nước nhớ nguồn đầy sâu sắc, mỗi người chúng ta cần có trách nhiệm kế thừa và phát huy những truyền thống tốt đẹp của dân tộc, bảo vệ độc lập chủ quyền của tổ quốc. Tết đến xuân về, CLB Sức Trẻ Kinh Tế kính chúc các anh hùng, thương binh và gia đình thật nhiều sức khoẻ. Cảm ơn các anh hùng đã hi sinh và cống hiến hết mình cho nền độc lập, hòa bình dân tộc.\n#Tết_Hội_Ngộ \n#Hoà_Quý\n#NBK\n#TrạmTếtSẻChia\n#STKT']","['Tất cả, 134', 'Yêu thích, 89', 'Thích, 43', 'Thương thương, 1', 'Wow, 1']","['Xịn quá', 'Ai ghép mặt e vô với']",7741,"Chủ Nhật, 4 Tháng 2, 2024 lúc 10:54",2
"['[HỖ TRỢ TRUYỀN THÔNG] \nTIA CHỚP LÓE NGANG - Ý TƯỞNG BỪNG SÁNG\n Thể lệ cuộc thi: http://tinyurl.com/thelecuocthisr2024\n Hồ sơ đăng ký dự thi: http://tinyurl.com/hosodangkysr2024\n Link đăng ký: http://tinyurl.com/formdangkysr2024\n Thời gian đăng ký: Từ ngày 22/01/2024 đến ngày 03/3/2024\n----------------------------------\nGiữa không trung sâu thẳm kia, một tia chớp lóe lên báo hiệu một điều bất ngờ đã xuất hiện. Tại lúc này, Startup Runway chính thức rẽ sóng, mở ra một chuyến phiêu lưu mới đầy những điều thú vị. Bạn đã sẵn sàng để bước vào đó chưa?  \nThời khắc quan trọng đã đến, Cuộc thi Startup Runway 2024 xin thông báo MỞ ĐƠN ĐĂNG KÝ Ý TƯỞNG. Trở lại vô cùng ấn tượng với mùa thi thứ VIII, Cuộc thi rất mong chờ những sáng kiến độc đáo đến từ các bạn trẻ từ cấp Trung học Phổ thông đến Đại học trên khắp mọi miền đất nước. Với chủ đề mới lạ nhưng đầy tính thời đại “Toward a New Era: Empowering Sustainable Entrepreneurship”, Startup Runway 2024 hy vọng sẽ trở thành đại dương rộng lớn để các nhà khởi nghiệp trẻ có thể thỏa sức vẫy vùng, cho ra đời những ý tưởng kinh doanh hữu ích cho xã hội.\nNhững vấn đề về môi trường, xã hội vẫn luôn là mối quan tâm hàng đầu của nhân loại. Là thế hệ trẻ, chúng ta cần tạo ra được những mô hình nhằm giải quyết bài toán cân bằng giữa lợi nhuận và sự phát triển bền vững của xã hội. Startup Runway 2024 tin rằng, chủ đề này sẽ tạo nên bàn đạp vững vàng, giúp các đội thi vươn xa hơn trên con đường khởi nghiệp của chính mình.\nCác bạn đã sẵn sàng để tạo nên những cơn sóng ngầm mạnh mẽ trong năm nay chưa? Hãy bắt đầu hành trình của mình và cùng Startup Runway 2024 kiến tạo nên một kỷ nguyên bền vững nhé!\n----------------------------------\nMọi thắc mắc xin vui lòng liên hệ:\n Số điện thoại: 0932947161 (Đàm Trung Việt)\n0961907152 (Hồ Phan Anh Thư)\n Email: startuprunway2024@startuprunwaydue.com\n Fanpage: Startup Runway DUE\n Group: Cộng Đồng Kết Nối Ý Tưởng Khởi Nghiệp\n Địa chỉ: Văn phòng Đoàn Thanh niên - Hội Sinh viên - Phòng A101, Trường Đại học Kinh tế - ĐHĐN.\n#Startup #runway2024 #startuprunway #DUE #TowardaNewEra #EmpoweringSustainableEntrepreneurship']","['Tất cả, 55', 'Yêu thích, 35', 'Thích, 17', 'Thương thương, 3']","['', 'Em đăng kí rồi ạaa', 'Mỹ Linh thiệc khum', 'Chị check hộ em vứii ạa, đợi em rinh giải dề', '', 'Tấn Đức clb ni tuyệt vời quá ạ', 'Thanh Hoài chứ còn gì em', 'Đinh Văn Kỳ hứ không nói thì chắc ko ấy quá', 'Xịn qá trrr', 'goooooo', 'Đăng ký thuiiii', 'Đii thuii', 'Cho em hỏi em có ý tưởng nhưng mà chưa có đồng đội thì phải làm sao ạ chị Ngọc Ánh Phan ơi', 'tham gia thoi', 'Còn chần chừ gì mà chưa đăng ký !!']",8644,"Thứ Tư, 24 Tháng 1, 2024 lúc 20:00",15
"['[HỖ TRỢ TRUYỀN THÔNG] \n[HOẠT ĐỘNG: SÁCH CŨ - TRI THỨC MỚI MÙA 2]\nNÂNG TẦM TRI THỨC - DẪN LỐI ƯỚC MƠ\nQuy định đổi trả: https://drive.google.com/.../1F8e.../view...\nĐơn đăng ký: https://forms.gle/cFaQkrq7qnQjskSh9\n-----------------------------------\nTiếp nối thành công rực rỡ của Mùa 1, hoạt động “Sách cũ - Tri thức mới Mùa 2” đã chính thức trở lại. Năm nay, ngày hội hứa hẹn sẽ mang những giấc mơ “xanh” cập bến tại Green University DUE - nơi những ước mơ nằm gọn trên trang giấy sẽ được tiếp diễn một lần nữa.\nHoạt động được tổ chức với mục đích tạo cơ hội cho các bạn sinh viên được trao đổi, mua lại các loại sách, giáo trình cũ. Đồng thời, nâng cao nhận thức của Greeners về việc tái sử dụng, bảo vệ môi trường và khuyến khích mọi người đọc sách nhiều hơn.\nChính vì thế, các bạn đừng quên canh thời gian và gom thật nhiều sách để thực hiện hoạt động ý nghĩa này cùng GUD nhé! Cổng đăng ký ký gửi của hoạt động đã bắt đầu được mở ra rồi đấy, nhanh tay điền đơn thôi nào các Greeners ơi!\n-----------------------------------\n- Thời gian mở form nhận sách: 09/01/2024 -  17/01/2024\n- Thời gian thu gom sách trực tiếp: 12/01/2024 - 17/01/2024\n- Thời gian đổi giáo trình: 19/01/2024 - 20/01/2024\n- Thời gian hoàn trả sách: 22/01/2024\n- Địa điểm: Sảnh A, Trường Đại học Kinh tế - Đại học Đà Nẵng\n------------------------------------\n Green University DUE - Dự án Đại học Xanh\n Số điện thoại: 0236 3950 358 (Văn phòng Đoàn Thanh niên - Hội Sinh viên DUE)\n0889 377 251 (Ms. Quỳnh Như)\n Gmail: greenuniversitydue@gmail.com\n Địa chỉ: Trường Đại học Kinh tế - Đại học Đà Nẵng, 71 Ngũ Hành Sơn, TP Đà Nẵng.\n#GreenUniversity #DUE #SCTTM2\n CAM Media - Youth DUE ']","['Tất cả, 39', 'Yêu thích, 25', 'Thích, 12', 'Thương thương, 2']","['Tui đi ký gửi lìn đaiiii', 'đi soạn sách cũ thoyyy', '']",9568,"Thứ Ba, 16 Tháng 1, 2024 lúc 20:01",3
"['[TÌNH NGUYỆN ĐÔNG MÙA GIÓ ẤM 2024] KHÉP LẠI MỘT CHẶNG ĐƯỜNG DÀI\n 2 tháng - 5 hoạt động - 3 ngày 2 đêm - 1 mục tiêu. Đó là những con số biết nói về chặng đường dài mà đại gia đình Nhà Trẻ đã cùng nhau trải qua.  Mỗi một giây phút trôi qua, chúng mình càng thêm biết ơn và trân trọng khoảng thời gian tuyệt vời ấy.\n Đã gần một tuần kể từ ngày Chiến dịch Tình nguyện đông Mùa Gió Ấm 2024 khép lại nhưng những hình ảnh về xã Jơ-Ngây thân yêu vẫn còn in đậm trong tâm trí của mỗi tình nguyện viên. Tựa như mới vừa hôm qua thôi, những cô cậu thanh niên tràn đầy nhiệt huyết của tuổi trẻ khoác trên mình chiếc áo sắc thiên thanh, trao gửi yêu thương đến với những mảnh đời còn thiếu may mắn nơi vùng núi xa xôi. Cảm giác bồi hồi và tình cảm khó tả ấy, vẫn còn tại nơi đây, vẹn nguyên như lúc ban đầu.\n Trên chặng hành trình ấy, chúng mình đã kịp ghi lại những khoảnh khắc, kỷ niệm thanh xuân tươi đẹp. Giờ thì hãy cùng nhau nhìn lại và hồi tưởng khoảng thời gian tuyệt vời ấy nhé!\n----------------------------------------------------------------------\n#CLBSTKT #MGA2024 #kheplaihanhtrinh #KLy #TLam #TMT #TuongVy', '0:06 / 7:51']","['Tất cả, 266', 'Yêu thích, 178', 'Thích, 84', 'Thương thương, 4']","['Để tui đếm coi mìn xuất hiện được bao nhiu lần', 'Khóc đây', 'Ai biểu nhắc lại chi cho nhớ vậy', 'Đinh Văn Kỳ nhớ em nào :)))', '', 'Nhớ quá đi', 'nhớ qa đii', 'nhớ cảm giác nằm võng của anh Minh Toànn ạaa', 'Khánhh Nghĩa xịn xò liền đúm hơm =)))', 'Minh Toànn đúm ạ đâu phại ai cũm đc nằm', 'Minh Toànn Khánhh Nghĩa giặt gấu chưa', 'Trần T. Huỳnh Như gòi c ơi', '', 'Nhớ cái ôm của Kiều Nhi và chị Trần T. Huỳnh Như quá ạaaaa', 'Trần Diệu Trang đi', 'Nguyễn Thị Lan Phương soạn đồ đi', 'Trần Diệu Trang không cần soạn, trên nứ có áo clb cụa toi rồi', 'Nhớ mấy quả bắp nướng quá iiii', 'mọi người ai cũng tuyệt vời !!!!!', 'Huyền Trang ai chọc chi mí bà Trần Diệu Trang Minh Thư', 'Nguyễn Thị Lan Phương =))) tui có nhăn đoạn nào hả bà nhỏ', 'Minh Thư bà coi lại slg SC đi giựnnnnn', 'Nguyễn Thị Lan Phương iu thương nên cho dô slogan đoá', 'Đi lại điii', 'Nhớ', 'Mai Trâm hờn me trâm, quay vd stl mà cét khúc tui là reng', 'Nguyễn Thị Lan Phương xí xoá iii, bù lại 7749 cảnh quay đẹp coá LP r còn gì', 'khom có iem ạ']",10468,"Chủ Nhật, 14 Tháng 1, 2024 lúc 20:54",28
"['BÌNH TĨNH - TỰ TIN - QUYẾT THẮNG\n Đếm ngược thêm vài giờ đồng hồ nữa thôi, các sĩ tử 49K sẽ chính thức bước vào kỳ thi kết thúc học phần đầu tiên dưới mái trường DUE. Chắc hẳn các bạn đang rất hồi hộp xen lẫn đôi chút lo âu phải không?\n Chúng mình tin rằng những ngày qua các bạn đã nỗ lực hết sức mình cho việc ôn tập và tổng hợp lại kiến thức. Hãy nhớ rằng mỗi giây phút, mỗi câu hỏi là cơ hội cho các bạn chứng minh bản thân, khả năng và kiến thức mà các bạn đã tích luỹ xuyên suốt quá trình học tập. Mong rằng các bạn sẽ luôn bình tĩnh, tự tin để đưa ra những quyết định đúng đắn nhất cho bài thi của mình.\n️\n Cuối cùng, Nhà Trẻ xin chúc cho tất cả các sĩ tử 49K có một mùa thi diễn ra thật suôn sẻ và thành công. Chúc các bạn đạt được kết quả như mong đợi và đón một mùa Tết thật trọn vẹn nhé!\n-------------------------------------------------------------------------------------------\n#CLBSTKT #thitot #Winter #GB']","['Tất cả, 131', 'Yêu thích, 87', 'Thích, 41', 'Thương thương, 3']","['Thi thật tối dìa ăn tết thui\nMai Thị Thúy Hồng Mai Cúc Mỹ Linh Trần Thị Tú Cẩm Nguyễn Vy Hiền Trang Ý Như Diệu Linh', 'Quỳnh Nhi xin vía chị nhi nhó', 'qua môn qua môn qua môn', 'Dịu Phạm A+ chớ', 'Ngọc Lan dạ thôi qua môn là được chị ơi. ko bỏ tiền học lại là đc:))', 'CLB Sức Trẻ Kinh Tế Trội ôi nhà trẻ tâm lý quá!! Xin vía full A ạ!!', 'Cố lên nhé', 'Full A nha ạ', 'Thảo Ngọc dzo đừng cắn bút nha', 'Tống Cẩm Quỳnh chắc nà ra phòng thi đầu tiên do hỏng bíc nàm qa', 'Thảo Ngọc tửng bước ga tự tin lém', 'Tống Cẩm Quỳnh bà đón tui ik', 'Thảo Ngọc đón xong t tung hô m lung', 'Tống Cẩm Quỳnh thoaiiii tui hướng lội đừng làm thée', 'Nguyen Thi Le Quyen Trang Đoàn Hong Anh thii giựt A+ 4.00 ngheeee', 'Giang Võ', 'Giang Võ']",11278,"Chủ Nhật, 14 Tháng 1, 2024 lúc 09:00",17
"['[TÌNH NGUYỆN ĐÔNG MÙA GIÓ ẤM 2024] CÒN ĐỌNG LẠI GÌ SAU CHUYẾN ĐI?\n Và thế là hành trình đem hơi ấm đến xã Jơ-Ngây, huyện Đông Giang, tỉnh Quảng Nam đã chính thức khép lại với bao nhiêu xúc cảm vấn vương. Khoảng thời gian 3 ngày 2 đêm ở xã Jơ-Ngây dẫu không quá dài nhưng vẫn đủ để lại trong lòng các Tình nguyện viên thật nhiều kỉ niệm đáng nhớ và đáng trân trọng.\n Dẫu có đôi chút khó khăn, mệt nhọc nhưng chính nụ cười của người dân nơi đây cùng với ánh lửa bập bùng được thắp lên bởi Sức Trẻ Kinh Tế đã xua đi cái lạnh khắc nghiệt nơi vùng cao, khiến cho mùa đông đêm đó dường như tan biến. \n  CLB Sức Trẻ Kinh Tế xin gửi lời cảm ơn chân thành đến bà con xã Jơ-Ngây và chúc cho nơi đây luôn ngập tràn hơi ấm, cuộc sống đủ đầy hơn và nụ cười luôn trên môi các em nhỏ.\n “Mùa Gió Ấm 2024” đã khép lại nhưng những kỉ niệm tại xã Jơ-Ngây sẽ còn đọng mãi trong lòng mỗi Tình nguyện viên Sức Trẻ. Ngay lúc này đây, hãy cùng nhau nhìn lại những dấu ấn trong chuyến hành trình đong đầy yêu thương tại xã Jơ-Ngây nhé!  \n Link ảnh full HD: https://s.net.vn/uZTA\n----------------------------------------------------------------------------------\n#CLBSTKT #MGA2024 #DongLaiGiSauChuyenDi #Nấm #TeamPhoto', '+31']","['Tất cả, 181', 'Yêu thích, 116', 'Thích, 60', 'Thương thương, 4', 'Haha, 1']","['Trần Thị Thùy Dương anh này gke quớ c ơi', 'Trần Thị Thùy Dương có chứng chỉ nó phải khác', 'Nhớ quá nè', 'Truyền thông nháy ảnh xịn qu', 'Ui có ảnh r!!', 'ă mê quá chời ơi', 'Yeuuuuu', '...', '..', '.....', 'nhớ quó điiii']",12612,"Thứ Năm, 11 Tháng 1, 2024 lúc 20:13",11
"['[TÌNH NGUYỆN ĐÔNG MÙA GIÓ ẤM 2024] ĐÔI LỜI CHƯA TRAO\n Vậy là chuyến xe chuyên chở yêu thương mang biển hiệu “Mùa Gió Ấm 2024” đến xã Jơ-Ngây, huyện Đông Giang, tỉnh Quảng Nam đã hoàn thành cuộc hành trình. Chắc hẳn, các bạn còn nhớ những giây phút bên nhau, được thưởng thức những món ngon từ Sức Trẻ Chăm Sóc, cùng Sức Trẻ Sẻ Chia trao yêu thương, mang nhiệt huyết và hăng say cùng Sức Trẻ Làm đảm nhận công việc. Để có được những kỉ niệm đẹp đến thế và sự thành công của chiến dịch chính là nhờ vào sự chung tay của tất cả chúng ta.\n CLB Sức Trẻ Kinh Tế xin gửi lời cảm ơn đến BTC chiến dịch Tình nguyện đông “Mùa Gió Ấm 2024” với sự chuẩn bị dày công, không ngại khó khăn mang đến một bản đồ hành trình rộng mở, cùng các tình nguyện viên cùng góp nhặt yêu thương tạo lớp vỏ bọc bảo vệ những bong bóng xà phòng, mang tình yêu đến Jơ Ngây.\n Xin chân thành cảm ơn sự quan tâm và hỗ trợ tận tình của các mạnh thường quân đã cùng Sức Trẻ tạo nên một chiến dịch ý nghĩa và đong đầy yêu thương. \n Bên cạnh đó, CLB Sức Trẻ Kinh Tế xin được cảm ơn sự góp mặt và đồng hành của các anh chị cựu thành viên trong suốt chuyến hành trình. \n Cuối cùng, một lời cảm ơn ngọt ngào xin dành cho các tình nguyện viên đã tham gia hết mình vì chiến dịch Tình nguyện đông “Mùa Gió Ấm 2024”. Cảm ơn các bạn vì đã đến, cảm ơn các bạn vì đã đóng góp bằng cả trái tim, và cảm ơn vì chúng ta đã luôn đồng hành cùng nhau. \n Hẹn gặp lại, chúng ta sẽ cùng nhau viết nên cuốn nhật ký yêu thương một lần nữa vào một ngày không xa.\n Xin chân thành cảm ơn tất cả mọi người!\n—------------------------\n#CLBSTKT #MGA2024 #doiloichuatrao #thn #tittintit']","['Tất cả, 100', 'Yêu thích, 87', 'Thích, 13']","['Kỷ niệm khó quênnnn', 'Cảm ơn tất cả mn', 'Ai lớp diuuu', 'luỵ mga hic', '']",13848,"Thứ Ba, 9 Tháng 1, 2024 lúc 20:22",5
"['[HỖ TRỢ TRUYỀN THÔNG] \n[ECO-FUN CLUB | “THI THỬ KINH TẾ 2024” CHÍNH THỨC TRỞ LẠI]\n---------------------\n Link quản trị học: https://bom.so/thithuqthki1 \n Link kinh tế vi mô: https://bom.so/thithuvimoki1 \n Link kinh tế vĩ mô: https://bom.so/thithivixmoki1 \n---------------------\n Hướng dẫn thi thử: https://bom.so/huongdanthithuki1 \n Mật khẩu: thithukinhte\n---------------------\n Lại một kỳ học nữa trôi qua, 49K-ers có đang cảm thấy bối rối vì sự chuẩn bị mới mẻ cho những bài thi cuối kỳ đầy khó khăn đầu tiên trên giảng đường Đại học. Các bạn đã chuẩn bị đến đâu rồi ?\n Các bạn đã sẵn sàng cho kỳ thi này để đón một năm mới đầy hứng khởi?\n Những buổi ôn tập miệt mài đêm khuya với chiếc màn hình máy tính có làm bạn mệt mỏi?\n Liệu “Đũa thần” hay “Xoài thần” sẽ thành công đưa bạn sang bờ bên kia chứ?\n Những đêm dài bên những tập tài liệu dày sụ có là thử thách đầu tiên cho các bạn?\n Không sao, cái gì khó đã có ECO lo. Chương trình “Thi thử Kinh tế 2024” sẽ là một cơ hội để các bạn thử sức mình và chuẩn bị thật tốt cho kỳ thi sắp tới. Và với cấu trúc đề thi được đảm bảo, đó sẽ là bàn đạp để các bạn nắm vững kiến thức và tự tin hơn chinh chiến cho chặng đường cuối này:\n- Chương trình hoàn toàn miễn phí tham gia\n- Bao gồm 3 môn: Kinh tế vi mô, Kinh tế vĩ mô, Quản trị học\n Còn chần chừ gì nữa mà không tham gia bằng cách nhấn vào link trên liền thôi để cùng nhau bức phá điểm số cho kỳ thi cuối cùng đón một cái Tết an lành ngay thôi nào!\n---------------------------------------\n Mọi thắc mắc xin vui lòng liên hệ:\n        Fanpage: ECO-fun CLUB\n       Mail: ecofun.due@gmail.com\n       Website: https://www.ecofunclub.id.vn\n#ecofun #ecogen9\n#thithukinhte2024']","['Tất cả, 97', 'Yêu thích, 53', 'Thích, 41', 'Haha, 2', 'Thương thương, 1']","['ai đang thi QTH hônn', 'Nguyễn Thị Lan Phương Em đâyyyy =))', 'Ren hồi mình thi khum có nhở', 'Ngọc Lan giờ vô thi bù đii', 'Nguyễn Thị Lan Phương thoát kíp rồi', 'Nguyễn Quỳnh Nga', 'Thảo Nhi mong là em làm xong đóng ít tiền học lại hơn', 'Nguyễn Quỳnh Nga cbi tăng tiền học phí đó', 'Thảo Nhi vãi ò:))) tin chuẩn k chị', 'Binh Nguyen Toàn Ngọc Mai Anh Huy Trần Phước Huy Thăng Trần Nguyễn Minh Trí Vinh Võ Văn Hải', 'Vũ Hà My Ngân Lê Mai Thanh Quốc', 'Lê Kim Ngân', 'Tô Viết Chinh Lê Tấn Toàn Quốc Khánh Thang Chien vô lm mấy a zai ơi', 'Nguyễn Hữu Minh =))) có chữ mới làm được anh zai ơi', 'Lê Tấn Toàn =)) vô làm lấy kinh nghiệm lúc não k có chữ', 'Văn Hải', 'Đạt Lương làm đi cho khỏi tốn 3 chẹo', 'Đạt Lương']",14682,"Thứ Hai, 8 Tháng 1, 2024 lúc 20:03",18
[],[],[],15870,
"['[TÌNH NGUYỆN ĐÔNG MÙA GIÓ ẤM 2024] LÀN SÓNG XANH ĐỔ BỘ\n Chuyến xe chở yêu thương mang biển hiệu “Mùa Gió Ấm 2024” đến xã Jơ-Ngây, huyện Đông Giang, tỉnh Quảng Nam chỉ còn ít phút nữa là xuất phát. Quý hành khách hãy nhanh chóng chuẩn bị cho mình một tinh thần đầy nhiệt huyết và một trái tim đầy yêu thương để cùng nhau lên đường nhé!\n Chúng mình mong rằng các tình nguyện viên của Nhà Trẻ sẽ có một hành trình thật ý nghĩa và khó quên. Mong rằng Chiến dịch Tình nguyện đông lần này sẽ diễn ra được thành công và thuận lợi. \n Khoác trên mình chiếc áo sắc thiên thanh của sự hy vọng, lạc quan và những triển vọng tích cực trong tương lai, chúng mình mong rằng sẽ giúp đỡ được nhiều mảnh đời khó khăn, còn nhiều vất vả. Giờ thì hãy cùng Nhà Trẻ checkin trước khi chuyến xe yêu thương lăn bánh nào! \n---------------------------------------------\nChiến dịch Tình nguyện đông “Mùa Gió Ấm 2024”\n️\n Địa điểm: xã Jơ-Ngây, huyện Đông Giang, tỉnh Quảng Nam\n Thời gian: 5 - 7/01/2024\n---------------------------------------------\n#CLBSTKT #MGA2024 #LanSongXanhDoBo #Trang #TeamPhoto']","['Tất cả, 214', 'Yêu thích, 143', 'Thích, 66', 'Thương thương, 4', 'Buồn, 1']","['dễ thương quá', 'đáng iu quá ạaaa', 'Đi đâu j mấy chị', 'Chăm sóc xinh z ta', 'Minh Toànn hồng một bầu trời', 'Khánh Ly chiếm hết spotlight kkk', 'Ước dc đi', 'Mng tuyệt vời quá', 'Sức Trẻ Chăm Sóc', 'Sức Trẻ Làm', 'Gét gooo', 'Đi thôi', 'Nhớ ghiaas', 'sao nỡ kh có tui huhuhu', 'chờ đợi giây phút ni lâu nắm òiiii', 'Khánhh Nghĩa giây phút buồn nôn', 'Mấy đội này mạnh', 'Minh Toànn mạnh ai nấy báo hờ', 'Khánhh Nghĩa điển hình là Knan', 'Dàn này dễ thưn thía', 'Thương Hà địp gái quá à']",17005,"Thứ Sáu, 5 Tháng 1, 2024 lúc 13:00",21
[],[],[],18034,
"['[TÌNH NGUYỆN ĐÔNG MÙA GIÓ ẤM 2024] NHỮNG MẢNH GHÉP LAN TỎA YÊU THƯƠNG\n️\n Kết thúc chặng hành trình dài gây quỹ, bong bóng nay đang tất bật chuẩn bị cho chuyến du hành đến mảnh đất Jơ-Ngây yêu thương. Làn không khí háo hức và trông đợi đã bao trùm lấy toàn bộ Nhà Trẻ. Nhưng trước tiên, hãy cùng nhìn xem, mình là ai trong 3 mảnh ghép dưới đây nhé!\n Đầu tiên chính là “Sức Trẻ Làm"", một trong ba mảnh ghép không thể thiếu đi trong mỗi mùa Mùa Gió Ấm. Là lực lượng cốt yếu của cả chuyến đi, gồm những chàng trai, cô gái có thể lực vượt trội hơn cả. Nhờ vào tinh thần nhiệt huyết và hăng say của tuổi trẻ, “Sức Trẻ Làm” sẽ đảm nhận các hoạt động xây dựng như làm đồng, lát đường, vét mương, dựng đèn… \n Một trong những mảnh ghép không kém phần quan trọng của MGA 2024 đó chính là “Sức Trẻ Chăm Sóc”. Đấy chính là người mẹ hiền chăm sóc cho chúng ta xuyên suốt chuyến đi, đàm nhận công việc chuẩn bị những bữa ăn ngon để tiếp thêm năng lượng cho tất cả các TNV. “Sức Trẻ Chăm Sóc” hứa hẹn sẽ lưu lại trong lòng các bạn hương vị không thể nào quên thông qua những món ăn được nấu bằng tất cả tình cảm của những người đầu bếp thầm lặng.\n Mảnh ghép cuối cùng của MGA 2024 không ai khác chính là “Sức Trẻ Sẻ Chia”. Đội sẽ giúp chúng ta gắn kết với những con người, những cô cậu bé hết sức đáng yêu thông qua các hoạt động như trao quà, thăm hỏi, trò chuyện cùng với các cụ, các em nhỏ và tổ chức nên những trò chơi vui nhộn, hài hước, giúp mang lại nụ cười tươi nhất trên gương mặt của các bạn nhỏ nơi đây. Nhờ có “Sức Trẻ Sẻ Chia”, chiến dịch sẽ thực hiện được mục tiêu chính của mình, lan toả tình yêu thương đến tất cả mọi người.\n️\n Chỉ còn ít ngày nữa thôi, chuyến xe yêu thương sẽ đến với mảnh đất Jơ-Ngây thân yêu. Hãy cùng chúng mình đón chờ nhé!\n--------------------------------------------------------------------------\nChiến dịch Tình nguyện đông “Mùa Gió Ấm 2024”\n️\nĐịa điểm: xã Jơ-Ngây, huyện Đông Giang, tỉnh Quảng Nam\nThời gian: 5 - 7/1/2024\n--------------------------------------------------------------------------\n#CLBSTKT #MGA2024 #manhghepyeuthuong #Winter #tittintit']","['Tất cả, 113', 'Yêu thích, 76', 'Thích, 33', 'Thương thương, 4']","['Sức Trẻ Làm Làm làm làm', 'Sức trẻ chăm sóc', 'Sức Trẻ Làm', 'Nguyễn Thị Lan Phương sẻ chiaaaa', 'Ngọc Hương ước được gọi tên như Chị Hưn a Fat', 'Nguyễn Thị Lan Phương làm làm làm', '10 điểm', 'sẵn sàng lên chiến dịch roiii ạ', 'hóng dozzz', 'sẻ chia điểm danhhhhh', 'Tô Thúy Hiền cóooo', 'Háo hức quáaaa aaaaa', '', 'sẵn sàng đi chẻ củi rồi\nThao Chi Nguyễn Ngọc Tú Hương', 'Kiều Nhi làm chăm sóc hết mình thoi', 'Ỏooooo', 'Hớn hở quá đi thôi', 'Mê lứm đi thôi', 'Yêuuuuu']",19151,"Thứ Tư, 3 Tháng 1, 2024 lúc 20:09",19
"['[TÌNH NGUYỆN ĐÔNG MÙA GIÓ ẤM 2024] BỘ NHẬN DIỆN MGA 2024\nLoa loa loa! Mùa Gió Ấm có thông báo mới nè mọi người ơi!!!\nCùng nhau thay màu áo mới cho ảnh đại diện của bạn - đón chào bộ nhận diện mới của Mùa Gió Ấm! Nối tiếp những hoạt động gây quỹ thì Bộ nhận diện mới chính là hoạt động tiếp theo trong chiến dịch tình nguyện lần này của chúng mình.\nĐây chính là thời điểm vàng để mọi người cùng nhau tag bạn bè vào và cùng hóng xem Mùa Gió Ấm lần này có gì mới\n Hãy trở thành một trong những con người bắt trend đầu tiên, cùng chúng mình cập nhật avatar ngay thôi nào!\nLink avatar ở đây nè: https://bom.so/avtMGA2024\n-------------------------------------------------------------\nChiến dịch Tình nguyện đông “Mùa Gió Ấm 2024”\n️\n Địa điểm: xã Jơ-Ngây, huyện Đông Giang, tỉnh Quảng Nam\n Thời gian: 5 - 7/1/2024\n-------------------------------------------------------------\n#CLBSTKT #MGA2024 #BNDMGA2024 #Buibuine #Ynhi']","['Tất cả, 155', 'Yêu thích, 110', 'Thích, 37', 'Thương thương, 8']","['Ơ xinh thế', 'Hoàng Khánh Huyền em hong nói là nhỏ ÝNhi Nguyễn des đâu', 'Chuẩn bị lên đường thoiii', 'Ava chin quóooo', 'Uiiii des đỉnh thế', 'Đi thoyyy', '', 'tui cx muốn che thử cái dù đóoooo', 'Hóng quá rồi mấy ní ơii', 'dc rùi đi thoiiii', 'Được roài đi thuiii', 'Thay avt nàooo', 'Nhanh thay avt chung với tớ đii', 'Tui set avatar đâyyyy', 'Thanh Hoa set ava có được đuy humm', 'Thanh Thảo riêng Đội trưởng Đội Kỹ Năng ni thì ko', 'Thanh Hoa hỗn quá ko chơi =))', 'Thanh Thảo nhớ gặp đừng đánh hông tu đá', 'đi thoai nèoooi', 'Ngọc Trâm Phan Cẩm Tú thay ava thoiii', 'Bùi Phươngg đã rõ', 'Có avt mới rùii', 'Nguyễn Thị Minh Hiếu Tu Uyen Le Pham đi hăm', 'dạ em không ở Đà Nẵng nơi', 'đang đâu rồi', 'Gờ ô', 'Thay avt ngay thoai nàoooooo', 'Khánh Ly chị thay đi nào', 'Đinh Uyên toi chưa thấy avt của chị có sự thay đổi', 'Khánh Ly chị thay rồi tôi ms thay c', 'gâu gâuuuuu', '']",20200,"Thứ Hai, 1 Tháng 1, 2024 lúc 20:00",32
[],[],[],21211,
"['[TÌNH NGUYỆN ĐÔNG MÙA GIÓ ẤM 2024] NƠI SỨC TRẺ TRAO GỬI YÊU THƯƠNG\n Thế là chặng hành trình gây quỹ cho chiến dịch “Mùa Gió Ấm 2024” đã chính thức khép lại cùng vô vàn kỉ niệm khó quên. Giờ đây, Nhà Trẻ đã sẵn sàng lên đường trao hơi ấm đến cho bà con vùng sâu vùng xa. \n Địa điểm trao gửi yêu thương năm nay tọa lạc ở xã Jơ-Ngây, huyện Đông Giang, tỉnh Quảng Nam. Đặt chân đến xã Jơ-Ngây, có lẽ sẽ rất khó để quên được phong cảnh nên thơ và sự chân chất, giản dị của con người nơi đây. Thế nhưng dưới vẻ đẹp đó mảnh đất này vẫn tồn tại nhiều khó khăn, đời sống vật chất người dân còn thiếu thốn. Với mong muốn mang đến một mùa đông ấm áp và tràn ngập những tiếng cười cho người dân, Nhà Trẻ sẽ gắng hết sức mình thực hiện chiến dịch một cách thành công tốt đẹp nhất.\n Để thực hiện được điều đó, CLB Sức Trẻ Kinh Tế rất mong sẽ còn tiếp tục nhận được sự quan tâm, giúp đỡ và đồng hành của tất cả mọi người đến cuối chặng đường “Mùa Gió Ấm 2024”. \n Các tình nguyện viên Sức Trẻ ơiii, các bạn đã sẵn sàng xách ba lô lên và đi chưa nào?\n-------------------------------------------------------------------\nChiến dịch Tình nguyện đông “Mùa Gió Ấm 2024”\n️\n Địa điểm: xã Jơ-Ngây, huyện Đông Giang, tỉnh Quảng Nam\n Thời gian: 5 - 7/1/2024\n‐------------------------------------------------------------------\n#CLBSTKT #MGA2024 #NoiTraoGuiYeuThuong #Nấm #Linn']","['Tất cả, 265', 'Thích, 174', 'Thương thương, 47', 'Yêu thích, 43', 'Wow, 1']","['Đi thuii nàooo', 'Đi đi lẹ thuii', 'géc gooooooo', 'Sẵn sàng xách balo lên và đi thoyyyyy', 'Đi thoiii', 'Ố mài gót... đường đi thiệt là thẳng tắp :))', 'lets gooo', 'Iem đã sẵn sàng', 'Đông Giang ơi chúng tui tới đây', 'Jow Ngây go go', 'Đi thôiii', 'Đã sẵn sàng ạ', '', 'Đi thoiii', 'Goooo', 'Háo hức lắm rùi', 'géc gâuuuu']",22327,"Thứ bảy, 30 Tháng 12, 2023 lúc 20:00",17
"['[TÌNH NGUYỆN ĐÔNG MÙA GIÓ ẤM 2024] BONG BÓNG VÀ CHIẾC ÁO KHOÁC MỚI\n Vậy là hành trình tìm kiếm vỏ bọc mới cho bong bóng xà phòng đã đi đến hồi kết. Giờ đây, bong bóng với chiếc áo khoác mới đã đủ sức bao bọc lấy những ước mơ, sẵn sàng tạo nên những điều tuyệt vời kế tiếp.\n Gần 2 tháng kể từ khi bắt đầu đến khi hoạt động gây quỹ kết thúc, có lẽ các TNV của chúng ta đã có cho mình những kỷ niệm vô cùng tuyệt vời nhỉ? Gặp gỡ những người bạn, người anh, người chị mới và đồng hành cùng nhau xuyên suốt các hoạt động gây quỹ, cùng khoác tay nhau rong ruổi trên những cung đường và động viên nhau trước những khó khăn,... Vui có, mệt có, nhưng không có sự chùn bước.\n 5 hoạt động gây quỹ lần lượt diễn ra một cách trọn vẹn. Để đạt được sự thành công ấy, không thể thiếu sự quan tâm giúp đỡ, ủng hộ của tất cả mọi người và đặc biệt là sự nhiệt huyết của tất cả các TNV. CLB Sức Trẻ Kinh Tế xin gửi lời cảm ơn sâu sắc nhất đến tất cả các bạn vì những đóng góp miệt mài không quản nắng mưa cho “Mùa Gió Ấm 2024”. Giờ đây, chúng ta sẽ chia tay các hoạt động gây quỹ và khởi đầu hành trình kế tiếp, không lâu nữa đâu, hẹn gặp lại nhau vào ngày lên Chiến dịch nhé!\n---------------------------------------------------------------------------------\n#CLBSTKT #MGA2024 #TongKet #KLy #GB']","['Tất cả, 74', 'Yêu thích, 64', 'Thích, 7', 'Thương thương, 2', 'Wow, 1']","['Cảm ơn các bạn rất nhiều', 'Tuyệt vời quá đi!!!', 'Hic 2 tháng sao nhanh quá z', 'Nhanh quá điiiii', 'Đáng iu quá đi thuiiii', 'Đã qua hết rùi\nCảm ơn cả nhà', 'yêuuuuu', 'Nhanh quá', 'hơn 2 tháng trôi quaa rồi saooo', 'Ngọc Lan hỏng tin 2 tháng lun chị ôi :<\nBữa hởm đăng story em còn tưởng chỉ ""4 tuần gây quỹ""', 'Hết đc gây quỹ rùi shao']",23356,"Thứ Năm, 28 Tháng 12, 2023 lúc 20:00",11
"['[TÌNH NGUYỆN ĐÔNG MÙA GIÓ ẤM 2024] MỘT VỎ BỌC HOÀN THIỆN RA ĐỜI\n️\nVà thế là chặng đường cuối cùng trong hành trình tìm kiếm vỏ bọc mới cho bong bóng xà phòng của Nhà Trẻ cũng đã đặt dấu kết thúc. Nay, bong bóng đã thực sự hoàn thiện và vững chắc.\nTrải qua những ngày đêm, không ngại thời tiết ngoài trời buốt giá, những món quà xinh đẹp đã được chúng mình trao tận tay đến những bạn nhỏ đáng yêu và ngoan ngoãn. Những khuôn mặt rạng rỡ, những nụ cười ấm áp dường như đã giúp xua tan đi phần nào cái lạnh khắc nghiệt của mùa đông này.\n️\nDịch vụ trao quà Noel đã để lại trong lòng TNV nhiều niềm vui và kỷ niệm đẹp đẽ, đồng thời đánh dấu cho sự khép lại của chiến dịch gây quỹ Mùa Gió Ấm 2024. Các bạn TNV ơiiii, các bạn đã sẵn sàng lên đường để san sẻ yêu thương chưa nào?\nLink ảnh full HD: https://bom.so/hoatdongnoel\n--------------------------------------------------------------------------\n#CLBSTKT #MGA2024 #vobochoanthien #Winter #TeamPhoto', '+14']","['Tất cả, 272', 'Yêu thích, 140', 'Thích, 130', 'Thương thương, 2']","['Trần Đức Huy dí nữaaaa', 'Nguyễn Thị Lan Phương Nguyen Thi Le Quyen k nhắc bạn còn chụp với quay video nữa', 'Trần Đức Huy anh qua nhắc đi', 'Ngô Thị Thúy Ngân Cu ni để quần tụt nè :<', 'Tống Cẩm Quỳnh cj cột cho a long đk', 'Nguyễn Hữu Minh t ko bíc, tạm pẹc', 'Quá tuyệt vời Sức Trẻ ơi', 'Dễ thưn quớ', 'Ngọc Lan sao bằng cỵ', 'Xinh quá à', 'ảnh về ảnh về', '', 'Dễ thưn quá chài', 'Iu quá', 'Đáng eooo', 'xịn quá!', 'Xịnnnnnn', 'Duy Thiệu nhiều ảnh quá nha', 'Tâm Nguyễn nhiều ảnh cho Tâm ngắm đó', 'Duy Thiệu khíp', '', 'yêu quó dzọooooo', 'Trần Đức Huy Tín Nguyễn']",24322,"Thứ Ba, 26 Tháng 12, 2023 lúc 20:07",23
[],[],[],25640,
"['[TÌNH NGUYỆN ĐÔNG MÙA GIÓ ẤM 2024] ĐÊM GIÁNG SINH - THẮP LÊN NHỮNG ƯỚC MƠ LỚN\n Từng đợt gió mùa mang theo không khí giáng sinh mùa cuối năm đã về. Thời tiết se lạnh khiến ta càng thêm mong chờ Lễ hội Noel sẽ thắp sáng và sưởi ấm bầu không khí này!\n Tiếp nối truyền thống Mùa Gió Ấm những năm trước, năm nay chuyến xe yêu thương của Nhà Trẻ tiếp tục mang những món quà đầy ý nghĩa đến với các em nhỏ, người thân và gia đình của mọi người. Những món quà được chính tay các thành viên gói ghém cẩn thận và trân trọng từng chút. Dù điều kiện thời tiết không ủng hộ nhưng bằng tấm lòng nhiệt huyết của mình, Nhà Trẻ đã giao món quà đến với mọi nhà.\n Chuyến xe yêu thương vẫn sẽ tiếp tục lăn bánh và trao quà đến tận tay các em nhỏ. Mong rằng qua hoạt động này, Nhà Trẻ có thể giúp các em bé thắp lên ánh sáng, ước mơ tuổi ấu thơ. Chúc cho mọi người sẽ có một mùa giáng sinh an lành và hạnh phúc.\n—-------------------------------------------------\n#CLBSTKT #MGA2024 #Noel #Hiln #TeamPhoto', '+3']","['Tất cả, 255', 'Thích, 176', 'Yêu thích, 74', 'Thương thương, 4', 'Haha, 1']","['Hello Kitty xin chèooooo', 'Ông già noel nhà Trẻ này đáng iu quá ạ ^^', 'Ngân Thiên quô', 'xịn quá ạ', 'Đáng iu quáaa', 'Dễ thw quớ z', 'Đáng yêu qá', 'mê chưaaaaa', 'Cái anh áo vàng vàng dễ thương dưz', 'Cũng dễ huông', 'Quỳnh Gieo là con ghẻ của clb òiiii', 'Khánhh Nghĩa ụa 3 ông già noel nớ là con ghẻ của Quỳn Gieo hả', 'Nguyễn Thị Lan Phương 3 ông già chắc con cưng của clb chơ quỳnh gieo kh bic 3 ông nớ']",26875,"Thứ Hai, 25 Tháng 12, 2023 lúc 09:00",13
"['[TÌNH NGUYỆN ĐÔNG MÙA GIÓ ẤM 2024] LỄ HỘI Ở XỨ SỞ BĂNG GIÁ\n“Noel này, các cậu đã có ai ở cạnh chưa?”\nThật lạnh giá nếu chỉ có một mình nhỉ? Nhưng đừng lo, hãy để Suctre’s Santa giúp các cậu và sưởi ấm những cho trái tim lạnh lẽo bằng việc vận chuyển những đơn hàng “yêu thương” của chúng mình nha!\nCác Santa cuối cùng cũng đã xuất phát, hãy tìm xem phiếu bé ngoan năm nay sẽ thuộc về ai? Và chủ nhân của  những món quà “yêu thương” sẽ nằm trong tay bạn nhỏ nào nhé! Mỗi một cuộc hành trình, chiếc xe “tuần lộc” của Suctre’s Santa lại ghé thăm đến từng ngôi nhà, trao tận tay đến các bạn nhỏ những món quà xinh xắn với bao điều ấm áp. Các bạn TNV không chỉ được hóa trang làm Santa mà còn được hòa mình vào lễ hội “Tuyết trắng”, ngắm nhìn những nụ cười hạnh phúc của các bạn nhỏ với một mùa giáng sinh an lành.\nĐể hiểu rõ hơn về hành trình lần này của chúng mình, hãy cùng nhau nhìn lại những khoảnh khắc đáng nhớ ngày hôm ấy nhé! Và điều quan trọng cuối cùng chính là Merry “chít mớt” - giáng sinh thật vui vẻ!   \n-------------------------------------------------------------------------------------\n #CLBSTKT #MGA2024 #LHOXSBG #Buibuine #TMT', '0:06 / 0:55']","['Tất cả, 252', 'Thích, 161', 'Yêu thích, 89', 'Thương thương, 2']","['Trời lạnh mà ở bên Nhà Trẻ ấm quáaaaa', 'Giáng sinh an lành', 'Mê quá', 'Xinh đẹp tuyệt vời', 'nhìu ông già noel qáa ngợp iii', 'Merry Christmas', 'Đi giao quà cùng ông già Noel nào', 'Mai Trâm định nói mà sợ sai', 'Ngọc Hương ê koi cí chi xịn chưa nè', 'Thao Chi thiếu tớ', 'K có tui nữa', 'Ước Duy Thiệu chở đi giao quà', 'Tâm Nguyễn Tâm thích là được', 'tuyệcccccc', '', '0:00', '/', '1:50', 'Đinh Văn Kỳ Nguyễn Thị Lan Phương Ngô Thị Thúy Ngân Trần Thảo Trườngg Viết Khang Trần Quỳnh Anh Thao Chi Tú Ngọc đội hình ni chiến quáaaaaaa', 'Ngọc Lan tag lạ rk mẩy']",28118,"Thứ bảy, 23 Tháng 12, 2023 lúc 20:13",20
"['[TÌNH NGUYỆN ĐÔNG MÙA GIÓ ẤM 2024] CUỘC HÀNH TRÌNH ĐẾN XỨ SỞ BĂNG GIÁ\n Jingle bell, jingle bell…\nKhi tiếng nhạc mùa Giáng Sinh vang lên, khi gió đông ùa về cũng là lúc ông già Noel lắng nghe những tâm nguyện. Hãy để Suctre’s Santa giúp bạn biến những lời cầu mong ấy thành sự thật nhé!\n Xin giới thiệu dịch vụ vận chuyển “yêu thương” đêm Noel - hoạt động gây quỹ cuối cùng cho chuyến xe Tình Nguyện Đông “Mùa Gió Ấm 2024” đã nổ máy. Khi đến với dịch vụ của Nhà Trẻ, các bạn TNV sẽ vào vai ông già Noel giúp gửi gắm những món quà ý nghĩa cùng tâm tư tình cảm đến với những người thân yêu, bạn bè và cả bản thân bạn. Những điều tuyệt đẹp sẽ không dừng lại ở đó, khi bạn ủng hộ dịch vụ của Nhà Trẻ chúng mình thì bạn đã chung tay đóng góp cho hành trình của chuyến xe tình nguyện lần này rồi đấy!\n Chúc bạn và gia đình một mùa Giáng sinh an lành, hạnh phúc và có những giây phút thật đáng nhớ. Đừng quên theo dõi fanpage để cập nhật những thông tin mới nhất về dịch vụ giao quà Noel gây quỹ của chúng mình nhé. Merry Christmas! \n---------------------------------------------------------------\n#CLBSTKT #MGA2024 #CHTDXSBG #thn #Linn']","['Tất cả, 211', 'Thích, 117', 'Yêu thích, 90', 'Thương thương, 3', 'Wow, 1']","['Đi thuiiii mng ưii', 'Ước ông già noel phát ngiu cho', 'Ông già noel nào sẽ may mắn được tặng quà cho tui', 'Ngọc Nhi công nghiệp dz', 'Võ Thị Đức Hạnh Lộ quá hả c', 'Năm nay mình siêu ngoan ước gì được ông già Noel tặng quà', 'Tuyệt vời lunnnnnj', '', 'háo hức gặp ông già noel qáaaa', 'Chờ được gặp ông già Noel', 'Đợi ông già noel đc 1 năm rùi', 'mê mê', 'Toi muốn làm bà già Noel', 'Thanh Hoa đã cap màn hình :)))', 'cho em 10 ông', 'Vũ Thùy Dương tham lam quá hà', 'năm nay có ông già nào rước tui di giao quà khom taaaa', 'Võ Thị Đức Hạnh có bà zà được hemm', 'Thao Chi ước thảo chi đặt ông già noel cho tui', 'Lin Châu qua trạm lựa liền', 'Ước được phát chục ông già Noel', 'Quỳnh Phạm t đặt boyfr thì m có giao quà ko', 'Tống Cẩm Quỳnh ok nhiệm vụ mới của ông già noel', 'Quỳnh Phạm ko phải m giao hà', 'Tống Cẩm Quỳnh thì t giao còn ông già noel là quà', 'Quỳnh Phạm dễ sợ cái icon :))', 'Khánhh Nghĩa giờ đổi qua Quỳn Giao còn kịp không', 'Nguyễn Thị Lan Phương hông eim', 'Nguyễn Thị Lan Phương chứ tưởng mún qua Quân Trí', 'Khánhh Nghĩa hay tưởng quá he :))', 'Huyền Trang ey vẫn lạnh mà\nngồi quấn mền nè', 'Kiều Nhi có tớ đây rùi hahhaaha', 'Kitty House Danang']",28859,"Thứ Tư, 20 Tháng 12, 2023 lúc 19:59",33
"['[TÌNH NGUYỆN ĐÔNG MÙA GIÓ ẤM 2024] VỎ BỌC MỚI NAY ĐÃ CỨNG CÁP HƠN\nVậy là hành trình Thu gom ve chai gây quỹ cho chiến dịch Tình Nguyện Đông “Mùa Gió Ấm 2024” đã chính thức khép lại sau nhiều ngày diễn ra. Những hạt giống mà các bạn Tình nguyện viên gieo trồng đã sắp ra hoa kết quả rồi, hãy luôn vững vàng vượt qua khó khăn để đi đến cuối chặng đường nhé!\nTrong suốt những ngày hoạt động dù thời tiết có đôi chút không thuận lợi nhưng các bạn Tình nguyện viên đã luôn cố gắng hết mình để hoàn thành nhiệm vụ. Với tinh thần không ngại khó khăn và đầy nhiệt huyết, các Tình nguyện viên Nhà Trẻ luôn muốn mang đến các em nhỏ vùng sâu vùng xa một mùa đông thật ấm áp và đầy ắp những tiếng cười.\nHoạt động Thu gom ve chai không chỉ giúp cho đường phố xanh-sạch-đẹp hơn, mà nó còn góp phần làm cho vỏ bọc mới của những chiếc bong bóng xà phòng thêm cứng cáp và đưa các em nhỏ đến gần hơn với ước mơ của mình. Thật ý nghĩa đúng không nào?\nBây giờ cùng chúng mình xem lại những bức ảnh đáng yêu và ý nghĩa trong suốt những ngày qua nhé!\nLink ảnh full HD: https://bom.so/hoatdongvechai\n—------------------------------------------------------------------------\n#CLBSTKT #MGA2024 #Vechai #Trang #TeamPhoto', '+11']","['Tất cả, 210', 'Thích, 148', 'Yêu thích, 59', 'Thương thương, 3']","['mê những hình ảnh ý nghĩa này', 'Phạm Hương bé ni ngoan quá tar', 'Nguyễn Thị Lan Phương đương nhin gòi', 'Phạm Hương iu team 10 qá i', 'Quỳnh Phạm mà ghéc riêng mỗi Tống Cẩm Quỳnh', 'Phạm Hương hắn âm mưu làm gián điệp team 10 á', 'Phạm Hương do b đó ghéc t trước íi', 'Tống Cẩm Quỳnh shao người nỡ Phạm Quỳnh', 'Quỳnh Phạm do m xàm ***', 'Tống Cẩm Quỳnh tớ làm cái khác chớ làm gián điệp đou cậuuu', 'Quỳnh Phạm ôk lần này t lợi dụng m', 'Iu quá', 'Hoài niệm quáaa']",29820,"Thứ Ba, 19 Tháng 12, 2023 lúc 20:04",13
"['[TÌNH NGUYỆN ĐÔNG MÙA GIÓ ẤM 2024] NHỮNG ""NGƯỜI HÙNG VE CHAI""\n Trong mỗi chúng ta chắc ai cũng đều rất quen thuộc với từ “ve chai” đúng không nào? Khi nói về ve chai, hẳn ta sẽ nghĩ ngay đến những chiếc chai nhựa, lon nước,... đã sử dụng qua, chẳng còn công dụng gì nữa và chỉ chờ đợi để được vứt đi hoặc được thu mua lại mà thôi! Thế nhưng bạn có biết rằng ve chai lại chính là nhân tố rất quan trọng giúp cho “bong bóng xà phòng” của Nhà Trẻ trở nên cứng cáp và vững chắc hơn không nhỉ?\n Việc thu gom ve chai mang lại rất nhiều lợi ích cho môi trường mà có thể bạn chưa biết đấy! Không chỉ bảo vệ môi trường, giảm số lượng bãi rác và diện tích mà còn nâng cao thu nhập giải quyết việc làm,... Thực sự đáng kinh ngạc vì ve chai thì nhỏ nhưng sức mạnh của chúng lại không nhỏ chút nào. Ve chai còn giúp mọi người thấy được nụ cười và niềm vui của những đứa trẻ, giúp cho lớp vỏ của “bong bóng xà phòng” trở nên cứng cáp hơn, ước mơ của những đứa trẻ kia cũng sẽ đến gần với tầm tay chúng hơn!\n Nào bây giờ hãy cùng chúng mình xem câu chuyện cảm động về những “người hùng ve chai” ở bên dưới nhé!\n------------------------------------------------------------\n#CLBSTKT #MGA2024 #VeChai #Hiln  #Tuongvy', '0:02 / 0:45']","['Tất cả, 303', 'Thích, 238', 'Yêu thích, 62', 'Thương thương, 3']","['', 'Nhân văn quá ạ', 'Mí bạn ni dễ thương quá', 'Đáng iu', 'Vy Tường Nguyễn Hồ Tường Nguyên video hay, mê người edit video', 'Khánh Ly mê bé Nguyễn Tường Vy', 'Xem xong mình cảm động quá', 'Xuất sắc quá ạ Nguyễn Tường Vy', 'đa tạ tỷ tỷ đã giúp đỡ', 'Muê dáng vẻ của chỉ khi quay video Nguyễn Tường Vy', 'Nó hơi ấy xíu xiu thoai c', 'Thành quả 4h sáng\nTường Vy', 'Top 1 cách để có đôi mắt']",30913,"Thứ bảy, 16 Tháng 12, 2023 lúc 20:12",13
"['[TÌNH NGUYỆN ĐÔNG MÙA GIÓ ẤM 2024] THƯ NGỎ\n “Mùa Gió Ấm” là chương trình thiện nguyện thường niên do CLB Sức Trẻ Kinh Tế - trực thuộc Hội sinh viên Trường Đại học Kinh tế - Đại học Đà Nẵng tổ chức. Với mục tiêu đóng góp một phần nhiệt huyết của mình để mang đến cho bà con vùng sâu vùng xa một chút ấm áp giữa cái lạnh mùa đông. Đồng thời là cầu nối giúp sự quan tâm của của các mạnh thường quân đến được với những mảnh đời còn kém may mắn.\n Chiến dịch Tình nguyện đông “Mùa Gió Ấm 2024” sẽ dừng chân tại xã Jơ-Ngay, huyện Đông Giang, tỉnh Quảng Nam. Đây là địa điểm còn gặp nhiều khó khăn, đời sống vật chất của người dân còn nhiều thiếu thốn. Sau khi ghé thăm, tìm hiểu và gặp gỡ trực tiếp, chúng tôi mong muốn tạo nên nhiều giá trị, mang đến một mùa đông ấm áp, ngập tràn tiếng cười cho người dân nơi đây. Đây cũng chính là ý nghĩa xuyên suốt chương trình mà BTC và các Tình nguyện viên thuộc CLB Sức Trẻ Kinh Tế đã theo đuổi từ những ngày đầu gây quỹ. \n Với mong muốn hỗ trợ, mang yêu thương đến những mảnh đời còn nhiều khó khăn, CLB Sức Trẻ Kinh tế hy vọng nhận được sự quan tâm, ủng hộ của Quý mạnh thường quân và các tấm lòng hảo tâm của mọi người.  \n CLB Sức Trẻ Kinh Tế xin chân thành cảm ơn!\n--------------------------------------------------------------------------------------\nChiến dịch Tình Nguyện Đông “Mùa Gió Ấm 2024”\n Địa điểm: Xã Jơ-Ngay, huyện Đông Giang, tỉnh Quảng Nam\n Thời gian tiếp nhận hỗ trợ: 16/12/2024 - 05/01/2024 \n Ủng hộ tiền mặt trực tiếp hoặc thông qua số tài khoản:\n         Ngân hàng BIDV\n         STK: 6211127096\n         Tên tài khoản: HO THI NGOC NHI\n         Nội dung chuyển khoản: [MGA2024] - [Họ và tên] - [Số điện thoại]\n Ủng hộ hiện vật: Lương thực, thực phẩm, nhu yếu phẩm, đồ dùng học tập, sách vở…\n--------------------------------------------------------------------------------------\n#CLBSTKT #MGA2024 #ThuNgo #Nấm #GB']","['Tất cả, 655', 'Thích, 489', 'Yêu thích, 154', 'Thương thương, 12']","['', 'Mong nhận được nhiều sự ủng hộ từ mọi người', 'Cảm ơn mọi người rấc nhìuuuu', 'được gồi đi thôiii', 'tuyệt vời ông mặt trời', 'Mong nhận được sự giúp đỡ của mạnh thường quân ạ', '', 'Mong nhận được nhiều sự ủng hộ từ mọi người', 'Thật ý nghĩaaaa', '', 'Lan tỏa yêu thương cùng ""Nhà Trẻ""', 'Trao yêu thương, nhận hạnh phúc', '', '', 'Rất mong nhận được sự giúp đỡ và ủng hộ từ các cá nhân/ tổ chức và các nhà tài trợ ạ', 'Rất mong nhận được sự giúp đỡ của các cá nhân/tổ chức và các nhà tài trợ ạ', '', 'Rất mong nhận được sự giúp đỡ và ủng hộ từ mọi người ạ', '<3333333333', 'Xem thêm 36 bình luận', '50/86']",31950,"Thứ Sáu, 15 Tháng 12, 2023 lúc 20:02",21
[],[],[],33229,
"['GÕ CỬA MÙA THI - RƯỚC A VỀ NHÀ\nCốc, cốc, cốc,...\nKỳ thi đã gõ cửa và đây là thời điểm để thể hiện tất cả những kiến thức đã tích lũy trong một học kỳ vừa qua.\n Vậy là sau bao tháng học hành, chạy deadline ở thư viện đến quán cafe thì kỳ thi kết thúc học phần cũng đã đến, chắc hẳn bây giờ các bạn đang rất hồi hộp và lo lắng nhỉ? Hãy vững tin trước mọi khó khăn, chinh phục mọi thách thức với niềm tin vào bản thân, cố gắng hết mình, học tập thông minh và giữ vững tinh thần lạc quan bạn nhé!\n Ngày mai các bạn 46K, 47K, 48K sẽ chính thức bước vào kỳ thi quan trọng này, đừng để những chướng ngại vật cản bước bạn đến với thành công. Hãy thư giãn, giữ tinh thần thoải mái để đạt kết quả cao nhất. Và cuối cùng, đừng quên rằng bạn không đơn độc, có gia đình, bạn bè, và cả Nhà Trẻ chúng mình - những người đang cổ vũ và ủng hộ bạn đấy!\n Chúc các sĩ tử Nhà Trẻ thi tốt, tỏa sáng, ẵm A về tay. Hãy tin vào bản thân, trong lòng chưa có “Ai” đó nhưng trong bảng điểm sẽ có A. Go, go, go! \n-----------------------------------------------\n#CLBSTKT #thitot #thn #Ynhi']","['Tất cả, 193', 'Thích, 101', 'Yêu thích, 89', 'Thương thương, 2', 'Haha, 1']","['E chúc mấy ac thi tốt nhe', 'Chúc mọi người thi tốt ạ', 'Okee ạ huhuhu', 'Nước tới nách chưa ạ?\nTới cổ thì kêu e nha ad', 'NT Huyền Trâm okie e', 'Phương Lê ôn thi cùng Ngọc Lan nè', 'Nguyễn Phước Lâm chạy TNĐ thoai', 'Ngọc Lan ai chạy đou biết', 'Phương Lê ple bận rộn =))) Hoàngle rủ ăn chè bù kìa', 'Tìm bạn đi học bài cùng', 'Thao Chi tìm xong r có học ko', 'Tống Cẩm Quỳnh thâm quá 2', 'Vũ Thùy Dương ôk mô đừng nói v mak', 'Tống Cẩm Quỳnh Vũ Thùy Dương kím bạn đi ngồi nhìn nhau cười cũmg đc nè', 'Thao Chi sợ tiếng sét ái tình', 'Thao Chi nếch guých', 'Ôn thi tới đâu rùi mng ơiiii', 'Ngọc Lan chưa ôn chữ mô', 'Võ Thanh Tú học đi you ơiuii', 'Ngọc Lan nửa chữ cũng chưa', 'Quang Phát ri là theo đi yêu rồi, ngày mô cũng dắt em ra z6 mà nới ri đỏ', 'Ngọc Lan nói ri ngta quánh giá tui thì chet dở', 'Ngọc Lan răng m kh chụp ảnh gửi t', 'Võ Thanh Tú tao có video', 'Quang Phát xạo', 'Cíu em cíu em ôn mãi hong thuộc']",34263,"Thứ Ba, 12 Tháng 12, 2023 lúc 19:56",26
