content,emoji,comment,current,time,comments_size
['Chúng ta của hiện tại và tương lai '],"['Tất cả, 128', 'Buồn, 65', 'Thích, 45', 'Haha, 17', 'Yêu thích, 1']","['Lần đầu tiên được có nhìu dl', 'Linh Nguyễn áp lực cột sống', ""Hồ Như quá ổn't"", 'Ý là còn ổn hk biết gì này', 'Đậu Nguyễn Trà My 8/3 dui với đống DL', 'Trúc Ngọc hết 8 nhưng ch hết dl', 'Lót tích =))']",1106,"Thứ Sáu, 8 Tháng 3, 2024 lúc 20:30",7
['Gió tạt nghiêng cái xe luôn'],"['Tất cả, 210', 'Haha, 142', 'Thích, 56', 'Buồn, 11', 'Thương thương, 1']","['Vi Trịnh suýt té má ơii', 'Sợ thật', 'Nguyễn Tường Vi', 'Nguyễn Thị Thúy Anh Nguyen', 'Thanh Tâm thiệt luôn á. Sợ bay theo luôn', 'Nguyễn Thị Thúy nghiêng theo làn gió', 'Thanh Tâm sợ ngã chứ cũng đâu muốn nghiêng', 'Thanh Tâm may mà có mai anh ngồi đằng sau k thanh tâm bay r', 'Sao mà bằng cầu Tiên sơn hả', 'Lê Thị Minh Huyền t7 bạn ở vượt gió qua khum :)))', 'Minh Anh bay cái hồn lun á', 'Tú Chi bay cái kính', 'Uyên Nhi', 'Nguyễn Diệu Linh =))) có giống anh Tùng ko', 'Tran Thi Thu Hien rất giống', 'Phương Thảo tấp xe vô lề liềng', 'Hứaa Phi nghiêng xe ch\n)??', 'Ngân Lê có nge. ngả nghiêng lun', 'Mỹ Tâmm thiệt', 'Thanh Ngân đâu chỉ riêng ta', 'Hoàng Thuý may k gắn mi giả he', 'My Tran :))) y rứa']",1739,"Thứ Sáu, 8 Tháng 3, 2024 lúc 08:25",22
['Phòng học tầng 4 nhưng 6h59 m còn ở dưới sân trường kiểu:'],"['Tất cả, 117', 'Haha, 69', 'Thích, 34', 'Buồn, 14']","['k sao vào trg là đc r:)', 'Thầy kh điểm danh nhma bạn md kêu thầy điểm danh:))) Xuân Thi', 'Phương Nhi thể dục thể thao sức khỏe dồi dào :)))', 'Phương Nhi Tú Linh 10h đúng cô điểm danh kiểu :))', 'Kim Duyên khi niềm tin đặt sai chỗ', 'Phương Nhi t3 nín ăn sáng', 'Thu Uyên thầy điểm danh roi tè :)))))))']",2553,"Thứ Sáu, 8 Tháng 3, 2024 lúc 07:33",7
['Sáng đi đánh giặc\nTối đi chợ nấu cơm'],"['Tất cả, 245', 'Haha, 168', 'Thích, 73', 'Thương thương, 2', 'Buồn, 2']","['Tưởng sáng đánh son trưa đánh giặc, tối đánh bài chứ :))))', 'Tuyển thợ nấu cơm ib em ạ']",3115,"Thứ Tư, 6 Tháng 3, 2024 lúc 19:12",2
[],[],[],4112,
[],[],[],4623,
['Vui lòng đăng nhập lại...'],"['Tất cả, 96', 'Haha, 45', 'Thích, 37', 'Buồn, 14']","['Xin lỗi hacker xin lỗi những người ghét tui, xin lỗi những người tui ghét, vì 1 phút bốc đồng mà tụi đã nghi ngờ mọi người hack fb để leak tin nhắn của tôy', '']",5716,"Thứ Ba, 5 Tháng 3, 2024 lúc 23:24",2
['Facebook/Instagram và các trình duyệt thuộc Meta gặp vấn đề không thể sử dụng dịch vụ từ 10h30 tối ngày 5/3\nMọi người có ổn không vậy ?'],"['Tất cả, 123', 'Thích, 62', 'Haha, 34', 'Buồn, 24', 'Yêu thích, 3']","['Má làm t tửn bị hack acc cái kéo qua zl cảnh báo mấy đứa bạn coi chừng bị lừa tiền', 'Cmt đc là thấy ổn rồi', 'Tưởng đâu bị hack fb', 'sản', 'Miinh Hằnngg bùn của MH k chơi gem dc', 'Hạ Quyên Nguyễn mình khom chơi gêm nhé, chỉ sợ bạn k có phương tiện liên lạc zới người iu thôi', 'Được rồi ngủ mai đi học thôi mọi người\nYên tâm rồi không mất fb nha', 'Trôn trôn trôn VN', 'Quang Lộc', 'súyt thì hết được đi cmt dạo bên quý page rồiii']",6358,"Thứ Ba, 5 Tháng 3, 2024 lúc 23:21",10
['Em tôi sau một ngày leo từ tầng 4 khu D sang tầng 4 khu A 6 lần '],"['Tất cả, 239', 'Haha, 149', 'Thích, 82', 'Buồn, 6', 'Yêu thích, 1', 'Wow, 1']","['Nguyễn Khánh Linh ngày thứ 3 muốn gãy chân', 'Thanh Tâm Nguyễn Thị Thúy cái ni kh tag thúy kh được roài =)))', 'Nguyễn Khánh Linh ở nhà buồn lắm á', 'Đâu ai bic ngta nhảy lò cò lên tầng đâu… Duyên Nguyễn', 'Ngọc Mai ko chỉ tầng của khu D mà còn tầng của ktx', 'Sau một ngày dài cùng với những bước chân nặng nề, trên lưng là chiếc balo 5kg, em lấy lại leo lên 5 tầng của KTX']",7066,"Thứ Hai, 4 Tháng 3, 2024 lúc 20:01",6
"['Hãy trân trọng bạn thời đại học, họ sẽ mời riêng các bạn một bàn']","['Tất cả, 926', 'Haha, 612', 'Thích, 294', 'Yêu thích, 12', 'Wow, 3', 'Buồn, 3', 'Thương thương, 2']","['Mình và bạn Lê Ngọc Cường thắc mắc là khai vị món gì mà món thứ 2 đã ăn gà vậy ạ', 'Nguyen Bao Phuong ăn xong gà chắc đứng dậy về luôn quá', 'DUE Troll tôm hùm mà tính bằng con luôn hả =)))', 'Nguyen Bao Phuong c cùng thắc mắc :)))))', 'Nguyen Bao Phuong Hội đồng gửi', 'Dinh Le Diem Quynh', 'Do Tnhàn 1 mình 1 bàn', 'Dinh Le Diem Quynh tha hồ ăn', 'Ad đi đám cưới mà sao tui k gặp ad hè', 'Nguyên Nguyênn thế sao a k thấy', 'Thanh Tâm em ngồi chéo anh chớ đao', 'Nguyên Nguyênn\n, k có thấy luôn á chời', 'Văn Chương', ':)))', 'Diễm Quỳnh Nguyễn An Nhiên có đi ko để mời :))', 'Trương Quỳnh đi chớ hjhj', 'Trương Quỳnh\nđể sắm váy liền nèkkk', 'Khánh Ly Trương', 'Na Nguyễn ngại hè', 'Nguyễn Hà', 'Huyền Trang bạn tính mời tui hay sao', 'Nguyễn Mỹ Dung ờm....', 'Nguyễn Thị Hà An haha\nDữ dằn', 'Phan Thị Thu Liên m sau cũng ri nì', 'Nguyễn Thị Khánh Linh rồi có ai để cưới mà mời mẹ', 'Nguyễn Quỳnh My Tú Trinh Xuân Tùng', 'Nguyễn Linh đợi thiệp của My nha mấy bạn', 'Nguyễn Quỳnh My mùa quýt :))', 'Xuân Tùng ủa', 'Nguyễn Linh Bỏ heo đi, 25 tuổi mời đi ăn cưới nhen', 'Đinh Thị Lê kìa', 'Diệu Thương Hoàng mai mốt làm cái thẻ ni nghe', 'Tuấn Khang haha nma kh được 1 bàn nơi', 'Diệu Thương Hoàng 1 ngồi 1 bàn', 'Tuấn Khang đ xứng là sv đh mà để cái thẻ có kì quá khom dị', 'Diệu Thương Hoàng 2 đứaaaa rồi nề, còn 8 đứa nữa thôi', 'Đỗ Linh Diệu để ráng ráng xíu hahaaa', 'Diệu Thương Hoàng m mời nhq cho t', 'Tuấn Khang thân quá kh dám mời. Sợ mắc công soạn mail', 'Trần Đình Quang sắp chưa fen', 'Võ Thanh Dương y án luôn fen hỉ', 'Trần Đình Quang cái phòng villa nớ cưới gần hết rồi đó =)))', 'Trần Đình Quang nhớ tui với nghe fen', 'Võ Thanh Dương kaka :)), căn phòng năm ấy :))).', 'Nguyễn Đức chu, khỏi lo fen hỉ.', 'Thiên Kimm Phương Nhớ sau em mời 2 chị 1 bàn z ha', 'Hoàng Thư ôi quý hoá quá chị tôi', 'Thiên Kimm toi chỉ có 2 chị thoai', 'Ti Ti Phongsavanh cho tôi 1 bàn', 'Cảm ơn nha Phan Ngọc Hằng', 'Trần Thị Hiền ủa em đâu', 'Phạm Thị Mỹ Quyên chắc j bà được họ cưới hè Phan Ngọc Hằng', 'Trần Thị Hiền một chút chết trong tim', 'Phạm Thị Mỹ Quyên Trần Thị Hiền 2 đứa có bồ mà tagg 1 em bé vô biểu mời đám cưới là sao :)))', 'Nguyễn Huyền nhớ nhé', 'Nguyễn Huyền oce', 'Liền', 'Minh Minh Nguyen để in', 'Liền hahha trất liền', 'Nguyễn Ngọc Tú Nhớ nha cô gái', 'Thanh Nghi hóng ạ', 'Thanh Nghi hâhha okela lun', 'Khánh Phạm', 'Ngọc Thắng hihi', 'Trần Văn Hoài E được 1 mâm đó a kk', 'Phan Tuyen mừng 2 xị bao ăn nghe', 'Dũng Nguyễn đại gia tam kỳ mà đi 2 xị hẻ=))) tệ quó', 'Tui mời Câu lạc bộ K2S, Đại học Kinh tế - Đại học Đà Nẵng những 2 bàn', 'Phương Bích Trần Thu Võ Ngọc Mai', 'Trương Thị Lợi í là bạn gần cứi đó à', 'Võ Ngọc Mai chắc là nó nhắc khéo mình', 'Trần Thu thế lo chuẩn bị dần là vừa roài', 'Võ Ngọc Mai lo b ở xa thui chớ t ở gần thì đơn giản', 'Trần Thu zị mik phải về đó cho gần lại thoai', 'Anh Lan Dương mình t 1 bàn =)))', 'Chuẩn bị chớ Đỗ Linh Anh Quốc Nguyễn Tài', 'David Hau dô :)))', 'David Hau Dô kkkk', 'Gia HânnAnh Minh Lê về NQ nói trường làm cái cho zui', 'Trúc Quỳnh quải chửn', 'Anh Minh Lê chắc về lấy bằng cầm cờ DUE vẫy', 'Hồng Như', 'Trang Nguyễn Phươngg Thảo 2 bạn là 2 mâm rồi', 'Nhi Phương t ngồi 1 mình một mâm hả, biết nch vứi ai chời:))', 'Trang Nguyễn thì ngồi nói chuyện từ xa với mâm bên của chị thổ', 'Nhi Phương thôi cho t ngồi gần hén đi để t còn nói xấu m', 'Trang Nguyễn ác vừaaa', 'Phươngg Thảo sự thật mất lòng', 'Trang Nguyễn mất nhau', 'Trang Nguyễn 4 năm là đủ rồi, dừng lại thôi!', 'Trương Thị Mỹ Trinhzinh hạnh qá bạn ơi', 'Hoàng Minh Hải sao bàn này lại k có t', 'Tran Thi Thuy Trang kê', 'Trần Huyền Trân trân cưới chồng sớm quá', 'Tran Thi Thuy Trang m nói rứa mấy a tưởng ta cưới thiệt nghe m', 'Trần Huyền Trân gửi thiệp cho mấy anh đi nà', 'Tran Thi Thuy Trang có ai đâu mà mời =))))', 'Đồng Minh Phú', 'Khánh Minh nhớ nhe', 'Lý Thanh Hằng đủ 1 bàn kh', 'Trần Văn Vũ để coi thái độ', 'Lý Thanh Hằng đầu năm 1 đủ chứ h chắc hết rồi đó', 'Thúy Mai mời tao bàn này nha', 'Bùi Thảo để t in lun =))', 'Hoàng Hạnh', 'Nguyễn Bá Đức Hoàng Hoàng Minh Hiền trải chiếu ngồi dưới đất', 'Hoàng Minh Hiền ngồi lên đầu t nè', 'Hoàng Minh Hiền mất zại quen :))))', 'Nguyễn Phạm Đăng k dám nhận', 'Hoàng Minh Hiền nghỉ', 'Thùy Linh e hèm:))', 'Hoàng Bảo Chi ráng mà trân trọng bạn', 'Ngọc Hương', 'Nguyễn Hồ Xuân Hương hi', 'Thuỳ Linh có mời ko', 'Nụ Trương đi cây vàng thì mời', 'Hồ Ánh Nguyệt Nguyễn Thị Ngân Anh Minh Hoang Văn Quyến trân trọng', 'Lê Trương Thảo Ly mày chuẩn bị tiền đi', 'Nguyễn Thị Ngân kết thúc môn kho và khai phá là cưới liền :)))', 'Lê Trương Thảo Ly vậy thì vội quá :))', 'Nguyễn Thị Ngân không cưới là tốn thêm 1800 tiền học l...', 'Lê Trương Thảo Ly ấn nút liền', 'sắp cưới r hà', 'Hoang Anh Minh sắppp', 'Hà Diễm Quỳnh ủa hông lẽ 1 mình tao 1 bàn hả :)))', 'Lâm Trần học không học cứ đòi lấy chồng', 'Xem thêm bình luận', '50/85', 'Nguyen Bao Phuong ui em quên gói mấy con tôm hùm về cho ac rùi :(((', 'Quá đã', 'Nguyên Nguyênn ủa pà. ngồi cùng bàn luôn mà', 'Cảm ơn hội AD không ngại xa đã đến tham dự nhé', 'Chất lượng ạ', 'Sắp tới ngày gì các bạn đừng quên nha', 'Nguyễn Thị Ngọc Diễm đến lượt t là t làm thế đó', 'Nguyễn Thị Ngọc Diễm Gđ nhà Bo 1 bàn luôn', 'Sâuu Khôngg Gờ xa quá quá về lại mặt đất đi con', 'Sâuu Khôngg Gờ m cũng phải chừa cho t một bàn nghe chưa', 'Nguyễn Phạm Đăng nhà 5 tầng mà bắt bạn ngồi trà à', 'Nguyễn Phạm Đăng đầu gì :))', 'Nguyễn Phạm Đăng hông có pít, hong có pít', 'Nguyễn Bá Đức Hoàng nghẹn']",7726,"Chủ Nhật, 3 Tháng 3, 2024 lúc 19:44",142
[],[],[],8905,
"[' TÂM SỰ 49K sau khi kết thúc kì quân sự:\n“Hai tuần quân sự đối với em không ngắn cũng chẳng dài. Được đi học quân sự là điều có thể nói là tuyệt vời nhất trong quãng thời gian sinh viên của em. Rời khỏi khu quân sự, cảm xúc lưu luyến, bồi hồi trong em dâng trào: những bữa cơm 10 phút, những tô mì ngon nhất em từng ăn, những lúc bất chấp mọi thứ lén gặp anh shopeefood,… khoảnh khắc xếp nội vụ mãi không được, những buổi tối sinh hoạt cùng nhau, nỗi nhớ về các chiến hữu…. Còn nhiều điều em không nói nên lời \nÔi nếu được em ước được học quân sự thêm lần nữa. EM TIN CHẮC ĐÂY LÀ MONG MUỐN CỦA HẦU HẾT 49K ĐI QUÂN SỰ ĐỢT 1 !!!” ']","['Tất cả, 179', 'Thích, 92', 'Haha, 47', 'Yêu thích, 34', 'Buồn, 4', 'Thương thương, 2']","['Phương Linh Thúy Na Bui Thi Thao Ly Khánh Ly Trương Lan Nguyet Nhung Linh Linh Ny Nguyen Loan Mai Nhàn Lê nhớ B511', 'Thị Ngân tips đi quân sự thành công né phòng B511', 'Thị Ngân nhớ cái cách mấy bạn nấu nước sôi', 'Thị Ngân nhớ cái cách gây ấn tượng vs mấy thầy của B511', 'Thị Ngân mê cách anh ấy yêu tụi mình', 'Thị Ngân nhớ mỗi lần bắt mỗi thầy khác nhau', 'Thị Ngân thích cái cách mấy chị ấy báo đời', 'Thị Ngân nhớ mấy cái tiểu phẩm mẹ già dì ghẻ của b511', 'Thị Ngân nhớ cái cách các con la hét vùng vằn đòi đi chơi', 'nhớ những tiểu phẩm không hồI kết', '45k và tháng ngày học quân sự online đắp chăn ngủ, sau lên ngủ resort 2 ngày 2 đêm ko ai quản nhìn đàn em kiểu =))', 'Hiền Trinh Trinh Tran Thân Thị Thuỳ Trâm Đoàn Anh Thư Võ Kiềuu Trinh Trâm Nguyễn Lê Nguyễn Bảo Trúc Thị Thức Cẩm Trinh Lê Thanh Oanh cất bài đi thầy tới kìa', 'Phạm Xuân Thương “m cương nữa đi”', 'Phạm Xuân Thương tẩy trang đi sắp 21h30 r đó', 'Lê Nguyễn Bảo Trúc "" đứa nào cài báo thức 4h""', 'Thảo Phạm "" Tất cả im lặng hết đii, ồn ào quá""', 'Lê Nguyễn Bảo Trúc 22h rồi, ngủ đc rùi bà con', 'Thân Thị Thuỳ Trâm ""2 lăm a nhập ngũ em coá chờ a khôm""', 'T lại ước đ phải đi ấy:)', 'Tùng Dương Công :))', 'Trần Tiến Hùng gi em', 'Trần Tiến Hùng nho nhung ngay mo cua la bu', 'Ước', 'Minh Châu My Chi thịt hổ tiếp bây', 'Nguyễn Thảo em à', 'Tố Nga đr, đi qsu thích lắm, nếu được thì mong không có lần sau ạ', 'Nguyễn Thế Đức Hoàng Ngọc Bảo Tiến Phát Thanh Hạnh Huân Nguyễn Thien Loc Thành Luân Nguyễn Hiếu Huân Nguyễn Lâm Hồ Trần Quang Hải. Bây viết bài ni phải ko :)))', 'Trần Thanh Nhã đêm đó ai k nhớ', 'Huân Nguyễn mê cách mấy anh tạo điểm nhấn', 'Trần Thanh Nhã Mấy anh làm loạn ít thôi', 'Kim YếnTiên DungÁnh LaiNguyễn Thị Thu HàTường VyXuân KhánhNguyễn Lê Uyên hội ni viết à', 'Trân Châu em đóoo', 'Trân Châu nay ko đc đi tìm tớ nựa rồi', 'Trân Châu vừa viết vừa khóc đó', 'Thu Ngân còn ai ngoài chỉ', 'Huỳnh Cẩm Nhi nghe nói luỵ quân sự', 'Xin đợt 2 đi là khỏi đăng nữa', 'Phan Ngân là m đúng kh', 'Võ Thị Quỳnh nỗi lòng cụa em', 'Trần Hương Giang 1 2 đi đều', 'Hương Giang sáng nghe tớ hô 1 2, tối cx nghe 1,2 nhưng k bt từ ai :)))', 'Gấp chăn k đc thì gấp chăn trưa', 'Hà Thanh chắc chỉ viết', 'Cẩm Tiên Hiền Trang Thiên Thiên Ý Nguyễn Thị Thu Trang Thu Thúy 2 tuần tuy ngắn nhưng elm đã có tất cả ảnh dìm của mn', 'Nguyễn Quỳnh Trang coi chừng tung ảnh nóng của m đó nhee', 'Hiền Trang Thiên Thiên Ý 2 bạn bớt lóng, cbi ngủ đi mai dậy tập thể dục', 'Nguyễn Quỳnh Trang chị nghĩ em thiếu của chị chănh', 'Nguyễn Quỳnh Trang bạn đừng thách thức chúng tôii..', 'Nguyễn Thị Thu Trang em đã chui xuống gầm giường bất động', 'Nguyễn Quỳnh Trang lắn phắn là ảnh nóng của elm bị lộ đấy :))', 'luỵyyyyy', 'Nguyễn Quỳnh Trang ai ngủ ròii giơ tay lên Hiền Trang']",9595,"Thứ Sáu, 1 Tháng 3, 2024 lúc 14:48",52
['Thông báo khẩn: Ngày mai 30/2 toàn thể sinh viên được nghỉ học nhéeee '],"['Tất cả, 220', 'Haha, 161', 'Thích, 40', 'Buồn, 17', 'Yêu thích, 2']","['Đây là kênh của TQ', 'Đây là kênh của TQ', 'Đây là kênh của TQ']",10147,"Thứ Năm, 29 Tháng 2, 2024 lúc 21:29",3
['Chắc bạn nào Quảng Bình nhớ quê nên mang Hang Sơn Đoòng vô Đà Nẵng đó'],"['Tất cả, 157', 'Haha, 120', 'Thích, 33', 'Yêu thích, 2', 'Buồn, 2']","['Chi Bùi', '=))))))', 'Linh Dan m à', 'Bao Ngoc m à', 'Trần Thị Hiền đi wang pink thui', 'Nhi Bùi chéc chén là aqan đem theo ròiii', 'Nguyễn Lê Hoài Thu c phở hân', 'Hoai Nam Dinh ?', 'Thành Nguyễn vjp', 'Thui mờ. Ai mượn mang vô Đn chi rứa chú Khánh Nam', 'Lê Ngọc Tiến bữa cất trong vali quên trả a ơi', 'Thu Thủy qua ngồi check tính đi nhởn mần bất ngờ', 'Vân Khánh đi thôi khứa', 'Bé Hằng Cung Trăng hay rủ lắm', 'Để rủ khứa bạn chiều đi Sơn Đoòng, chắc nó sẽ hạnh phúc lắm']",11083,"Thứ Năm, 29 Tháng 2, 2024 lúc 13:10",15
['Sao chưa thấy ai checkin nơi này ha'],"['Tất cả, 346', 'Haha, 251', 'Thích, 80', 'Yêu thích, 10', 'Buồn, 4', 'Thương thương, 1']","['Sắp bỏ đến nơi rồi mà :((', 'Anh Thư Nha Uyen Gia Bùi Huỳnh Thư êii...', ':))))', 'Diệu Linh tìm đâu xa nữa hâh', 'Hoàng Oanh làm liền 1 pic', 'Tối đó mà tôy không cầm máy ảnh đi thì tôy đăng ảnh này rồi đó =)))', 'Phan Nhật Diệu Khanh ê khỏe re =))', 'Kiều Trinh Trà Thị ời hê :)))', 'Nguyễn Khánh Linh lên luôn MC', 'Hồ An ko có ảnh đẹp cậu ơi', 'Nguyễn Lê Quý Định Thôi năm sau r 2 đứa check in chung :>', 'Đây là kênh của TQ', 'Đây là kênh của TQ', 'Ưu đãi dành riêng cho các bạn Sinh Viên\n1/ Cấp thẻ tín dụng tiêu dùng 5-10tr\n2/ Miễn phí mở thẻ, trả góp hàng tháng từ 300k\nĐẶC BIỆT, 𝐠𝐢𝐨̛́𝐢 𝐭𝐡𝐢𝐞̣̂𝐮 𝐛𝐚̣𝐧 𝐧𝐡𝐚̣̂𝐧 𝐧𝐠𝐚𝐲 𝟐𝟎𝟎𝐊\n** 𝑙𝑖𝑒̂𝑛 ℎ𝑒̣̂ 𝑉𝑖𝑒̣̂𝑡 đ𝑒̂̉ 𝑛𝑎̆́𝑚 𝑟𝑜̃ 𝑡ℎ𝑒̂̉ 𝑙𝑒̣̂ 𝑡𝑟𝑢̛𝑜̛́𝑐 𝑘ℎ𝑖 𝑔𝑖𝑜̛́𝑖 𝑡ℎ𝑖𝑒̣̂𝑢 𝑏𝑎̣𝑛\nLiên hệ: 𝗩𝗶𝗲̣̂𝘁 - 𝟬𝟵𝟭𝟰 𝟯𝟳 𝟲𝟰𝟲𝟱 (𝗰𝗼́ 𝗭𝗮𝗹𝗼)\nHỗ trợ SV toàn quốc\nThủ tục chỉ cần CCCD & Thẻ SV']",12241,"Thứ Ba, 27 Tháng 2, 2024 lúc 20:00",14
[],"['Tất cả, 150', 'Thích, 67', 'Haha, 59', 'Buồn, 24']","['Ước cao m5 còn chưa đc nữa đây', 'em muốn 1m9 em gần 17t rồi', 'Phạm Công Khiêm ước', 'Nguyễn Thị Phương :)) trên này loang lắm đừng mong gì', 'Phạm Công Khiêm ))', 'Nguyễn Thị Hiền Diệuu', 'Nguyễn Tường Nhật Vy muonn gi', 'thêm cặp sừng là đủ m6']",13097,"Chủ Nhật, 25 Tháng 2, 2024 lúc 20:03",8
[],[],[],13446,
"['""Học, Thở và Deadline"" ']","['Tất cả, 245', 'Haha, 113', 'Thích, 87', 'Buồn, 43', 'Yêu thích, 2']","['Phương Thảo ngạt thở', 'Khánh Trần e ngĩ học dl để né toán', 'e tưởng e đạt học bổng .... Thư Thư TrươnggDiệu Huyền', 'Thuy Trang em cũng vậy thế mà bây giờ gần ra trường rồi em vẫn chưa thấy đc hình dáng học bổng ra sao', 'TrươnggDiệu Huyền cta là những cô bé hay tưởng', '']",13937,"Thứ bảy, 24 Tháng 2, 2024 lúc 19:30",6
[],[],[],14996,
[],[],[],16126,
"['Đầu xuân mọi việc trôi chảy, cho tới khi lấy xe ']","['Tất cả, 103', 'Thích, 61', 'Haha, 31', 'Buồn, 10', 'Yêu thích, 1']","['Thúy An ai thấy đc cảnh ni', 'Lê Võ Kiều Trang mấy tháng gòi ko vô', 'Vẫn là nơi ấy, bao năm vẫn vậy', 'b nào muốn đặt hoa len tặng tốt nghiệp,8/3 ib sốp nhaaa', 'Tìm xe trong vô vọng:)']",17033,"Thứ Năm, 22 Tháng 2, 2024 lúc 17:31",5
['Đâu có ai thiếu 0.01 mà vui đâu ? '],"['Tất cả, 146', 'Buồn, 77', 'Thích, 42', 'Haha, 26', 'Yêu thích, 1']","['Duy Võ toi cay', 'Tâm Duyên xui thoi', 'Cảm ơn giác thiếu 0,01 với 0,02 nó ….\nmình cx v', 'Vui lắm anh ơi lòng em rộn ràng', 'Nguyễn Tường Vy đừng buồn em ơii', 'Kim Ngân e ko cô đơn à', '', 'Linh Phươngg lên chx', 'Hồ An huhu ai cho thêm chút nữa', 'Yến Vy ếm', 'Trần Việt quen quen', 'Bùi Yến Nhi bạn đã bao h chưa....', 'Tran Thi Thu Trang bạn bùn đó', 'Hương Giang lỡ tay', 'Trúc Linh hix đúng y 3.59', 'Hương Giang kì sau làm lại cuộc đời', 'Trúc Linh ko biết có làm lại đc ko', 'Phượng Nguyễn ôi e tui', 'Lê Thị Bích Vân này mới bùn ne', 'Hạ Quyên Nguyễn chắc ko tới nỗi đó đâu', 'đi học đầy đủ để được 0,01 >_>', 'Trần Thị Kiều Ly chúng mình có nhau']",18073,"Thứ Tư, 21 Tháng 2, 2024 lúc 19:30",22
['Đoàn quân xanh lá ngày xưa vượt đường Trường Sơn \nĐoàn quân xanh lá ngày nay bị kẹt tại chốt thẻ từ  '],"['Tất cả, 359', 'Haha, 268', 'Thích, 84', 'Buồn, 6', 'Thương thương, 1']","['Hồng Giang ôi bạn ơiii', 'Nguyễn Thị Diễm Quỳnh r bạn sẽ giống như toi', 'Hươngg', 'Bùi Yến Nhi bộ đội năm ni lạ', 'cầu thang đông người quá', 'Hoài Thu Lê chúc mừng chiến sĩ', 'Nguyễn Thúy Hằng phải chăng đây là tương lai', 'Các bạn học từ trưa đến giờ còn ổn không ạ:)))', 'Quyết Thắng về r =))) thầy còn định cho overnight kkk', 'Nguyễn Thái Hà trôn trôn']",18999,"Thứ Ba, 20 Tháng 2, 2024 lúc 21:19",10
"['Bỉ ngạn xanh, mê canh quân sự ']","['Tất cả, 154', 'Thích, 78', 'Haha, 68', 'Yêu thích, 4', 'Buồn, 4']","['chọn em', '', 'canh quân sự', 'Cơm quân sự', 'Cơm quân sự :))', 'Duy Lâm phát biểu cảm nghĩ sau 1 tuần nào', 'Bỉ ngạn xanh ăn nhanh k tao ăn hết', 'Nguyễn Huỳnh Phương Vy ahihi', 'Phạm Thảo', 'Trúc Kha phải nhiều dậy cũng đỡ', 'Nguyễn Phan Hoài Thương cơm quân sự :))', 'Phan Thị Hiền Trang t lạy', 'Ngọc Hân bạn ơi sao r', 'Rôn Yuu bạn ơi sút ký ốm liệt rồi đây', 'Ngọc Hân ai bảo tết ko ăn mạnh vào\nlên vài kg vào quân sự giảm cân có hay hơn không', 'Rôn Yuu\nđau họng kh làm ăn được gì bạn không bảo mình sớmm', 'Ngọc Hân\ntội thế cơ á, tưởng đau môi ko làm ăn đc gì chứ, còn thêm đau họng\nông trời ác với bạn tôi quá', 'Rôn Yuu tàn lắm rồi không còn tật gì không có ở toii nữa bạn ạ', 'Ngọc Hân\nkiếm lẹ 1 anh chăm sóc thôi bạn ơi, phải có tình iêu cứu rỗi kkk', 'ad thích húp nước lạnh hả', 'My Hanh ngon mà :))', 'Vy Mai đéo nha má', 'My Hanh đi quân sự về đảm bảo ăn j cx ngon, hết kén ăn', 'Phạm DungPhạm Thùy Trâm cb tâm lí ch', 'Nguyễn Bảoo Ngọcc bỉ ngạn trắng sợ nắng quân sự', 'Nguyễn Bảoo Ngọcc tập ăn rau từ bây giờ', 'Thanh Hiền cb đi']",20114,"Thứ Ba, 20 Tháng 2, 2024 lúc 17:30",27
['Chào mừng đến với ngày hội đề xe và khai bút'],"['Tất cả, 113', 'Haha, 63', 'Thích, 46', 'Buồn, 3', 'Yêu thích, 1']","['Tui khai bút từ mừng 2 rùi, khai bút kẻ mắt', 'Đạp muốn điên =))', 'Cái chân sau khi đề xe không lên', 'Khai bút sớm để cả năm may mắn nhé ae']",20838,"Thứ Hai, 19 Tháng 2, 2024 lúc 14:13",4
['Hình thức bỏ học đi chơi hợp lệ'],"['Tất cả, 233', 'Thích, 120', 'Haha, 106', 'Buồn, 3', 'Yêu thích, 2', 'Thương thương, 1', 'Wow, 1']","['', 'là thuc su bo hoc di choi chua', 'ĐI HỌC QUÂN SỰ\nThực tế là bỏ học theo bầy đàn trong một khoảng thời gian dài, được nhà trường và thầy cô công nhận.']",21702,"Thứ Hai, 19 Tháng 2, 2024 lúc 12:50",3
"['TỔNG KẾT TẾT', '0:13 / 0:41']","['Tất cả, 10285', 'Haha, 5K', 'Thích, 4,9K', 'Buồn, 196', 'Yêu thích, 107', 'Wow, 13', 'Thương thương, 11', 'Phẫn nộ, 1']","['Bố mình vừa làm 1 đĩa bânh chưng rán to vc...', 'Bùi Cẩm Tú', 'Y chang', 'Nguyễn Ánh', 'Thanh Hương =))', 'Won Myeong Joo', 'mình t kh đc ăn bánh chưng hhuhu', 'Êy Yến Vi', 'Bảo Trâm khổ thân tôi', 'vừa ăn xong =))', 'Linh Giang kkk', 'Linh Anh t có đc ăn miếng nào đâu\nQuên chả mang xg cái nao', 'them banh chung qua', 'Lin Vy', 'Ph Pháp hết nhanh ghê', 'Oanh Đinh giống bà quá he', 'Yến Nhi chưa mang nguyên cái tủ lạnh đi là may', 'Nguyễn Hạnh', 'Ng Phuc sợ kkk', 'Cx ngon...ngon hình thức :))', 'Tran Quang Huy', 'Thái T Thuỷ Tiên', 'Nga Đồng', 'Lê Quỳnh Phương Mai chưa hết Tết đâu, còn bánh là còn Tết', 'tui ăn bánh chưng bánh tét mấy tuần r khum thấy ngán', 'Y chang lun . Huhu nhớ quê qué', 'banh chung ngon ma D:', 'Tường Vi', 'tao ăn bánh trưng rán không ngán', 'Từ tết đến bh t chưa ăn miếng bánh chưng nào', 'Kiều Thu =))', 'Thu Huyền', 'Kieuu Thiee kh phại đâu mà', 'Huỳnh Ngọc Như Ý..:))', 'My Ngọc cũng giống ha:)))', 'Lý Minh Hiểnn bánh trưng dán', 'Thank Ha', 'y chang tr', 'Nhà t vẫn còn nì', 'Chịu đếy:))))', 'Phương Linh', 'thèm bánh trưng rán', 'Nhân Nguyễn', 'Không nha ngày cuối t như bị liệt chỉ muốn đi chơi chứ ko muốn làm gì', 'Sắp tết nguyên tiêu r nhỉ', 'Nguyễn Thị Mỹ Linh', 'Đạt Nguyễn đúm đúm', 'Bảo Trang bén chưng rán', 'Trần Tươi khổ thân chị', 'Nguyễn Toon m đâu', 'Minh Hiệp Rô Bớt cc', 'Chien Nguen\nbánh tét', 'Hanhh My t tăng cân nx rồi m a', 'Ngon vl', 'Doflamingo Donquixote Ngáp cái hết tết lại phr xách c ik hc', 'Kim Ngân bọn mk đeo dc an bánh trưng lm. Chết me thk long ngồi ăn còn cười vs mk nx', 'Lỗ khiếp sợ ở tết', 'Xem thêm 47 bình luận', '50/75', 't bánh tét còn ko có ăn', 'Quang Lộc', 'Nờ Hờ Thg l']",22610,"Chủ Nhật, 18 Tháng 2, 2024 lúc 19:41",62
[],[],[],23462,
['Mới ngủ mấy giấc thui mà '],"['Tất cả, 206', 'Thích, 93', 'Buồn, 86', 'Haha, 25', 'Thương thương, 2']","['Nghe mêtq', 'Thanh Hải nhớ cô Đinh Bảo Trân', 'Nguyễn Hồng Thắm cô ko nhớ Hải', 'Nguyễn Hồng Thắm thấy Hải cô thấy ko lo làm bt toàn dọn nhà thờ', 'Điết điết ngang', 'éccccc', 'Nay m4 rồi Đinh Thị Hồng Phượng', 'Bùi Ngọc Tĩnh', 'Hoà Trần chúc mừng bạn sắp gặp được mình', 'Nguyễn Thị Vân Anh mình đội ơn bạn', 'Nguyễn Thị Vân Anh out nhóm', 'Cao Thị Thanh Tâm nào bạn vô rồi nói chuyện hi']",24308,"Thứ Hai, 12 Tháng 2, 2024 lúc 20:00",12
"['Ăn trong vô thức', '0:05 / 0:11']","['Tất cả, 708', 'Thích, 422', 'Haha, 270', 'Buồn, 9', 'Yêu thích, 5', 'Thương thương, 1', 'Phẫn nộ, 1']","['Mẹ đã cất :)))', 'Trúc Trúc kk', 'Thannh Duyênn ăn trc thử xem có ngon k để còn mời khách chớ bà', 'Đỗ Khoa Thi', 'Tom Mayy múc bang', 'Lê Thanh Huyền:))', 'Thảo :))', 'hi', 'Koi Comthiu', 'Tại. Mẹ k dấu kỹ â', 'Quân Hồng', 'Nguyên Phương Trầnđó là một câu chuyện buồn', 'Nguyên Phương Trần Quân Hồng bò khô :))))', 'Nguyễn Hoàng Hồng Ngọc :))) có nghe', 'Ngoc Thúy ăn quá ăn xong mẹ chửi =)))', '', 'Lê Thị Thu Trang ê trừa khi mô bọn t về còn có cấy để ăn nghe mi :))', 'Bảo Nguyễn hết r', 'Lê Vi chiều mới bị chửi xong :))', '', 'T vs e t hốc hết nửa bịch bỏng\ncủa mẹ r :)))', 'Ngọc Ngân giòn', 'Trần Kim Oanh ăn với', 'Ngọc Ngân gì có mà ăn', 'Nhoàm nhoàmmmmm', 'My Tam rọ cái mõm lại', 'Mẹ t cất hết t mò kh được', 'Thảo Vy chắc mẹ hong biết đâu he =))))', 'Nguyễn Thảo biết thì mua thêm chứ sao nựa :>', '30 r vẫn chx có bánh kẹo', 'Huong Tran', 'Nguyễn Vũ Phong ăn trong vô thức', 'Huỳnh Như nhai nhai', 'Khoa Lê đó đó', 'Bạn nào mà bị lừa tiền Làm nhiệm vụ telegram, Shoppi... Các sàn điện tử không rút ra được. Muốn lấy lại nhắn tin riêng cho mình. Mình chỉ cách lấy lại tiền ( Trước mình cũng từng bị lừa nên mình chỉ muốn giúp người đồng cảnh ngộ, ai không thích có thể bỏ qua xin đừng gạch đá)', 'Bạn nào mà bị lừa tiền Làm nhiệm vụ telegram, Shoppi... Các sàn điện tử không rút ra được. Muốn lấy lại nhắn tin riêng cho mình. Mình chỉ cách lấy lại tiền ( Trước mình cũng từng bị lừa nên mình chỉ muốn giúp người đồng cảnh ngộ, ai không thích có thể bỏ qua xin đừng gạch đá)', 'Anh chị nào mà bị lừa tiền qua mạng và đầu tư các sàn điện tử mà không rút tiền ra được, muốn lấy lại số tiền đã mất thì nhắn tin riêng em, em chỉ cho cách lấy lại. Trước em cũng bị lừa và em đã lấy lại được số tiền đã mất của mình .', 'Anh chị nào mà bị lừa tiền qua mạng, Làm nhiệm vụ telegram, Shoppe... Các sàn điện tử không rút ra được. Muốn lấy lại nhắn tin cho mình. Mình chỉ cách thu hồi lại tiền bị lừa ( Trước mình cũng từng bị lừa nên mình chỉ muốn giúp người đồng cảnh ngộ, ai không thích có thể bỏ qua )', 'Anh chị nào mà bị lừa tiền Làm nhiệm vụ telegram, Shoppi... Các sàn điện tử không rút ra được. Muốn lấy lại nhắn tin cho em. Em chỉ cách lấy lại tiền ( Trước em cũng từng bị lừa nên em chỉ muốn giúp người đồng cảnh ngộ, ai không thích có thể bỏ qua xin đừng gạch đá)', 'Cao Lê Phương Thảo kakakakakaka', 'Cao Thị Thuỳ Trang chi má, mình ăn hết mà', 'Tui ăn hết cả gói luôn rồi, mẹ biết rồi nhưng đã quá trễ :))', 'bị đánh nát người nhưng vẫn ráng ăn']",25033,"Thứ Ba, 6 Tháng 2, 2024 lúc 19:35",43
['Ơ kìa elm '],"['Tất cả, 102', 'Haha, 57', 'Thích, 42', 'Buồn, 3']","['Mất dạy thế này chỉ có Lê Ngọc Cường thôi', 'Chắc con em tui rồi :))) Thyy Châu', 'Thật ra ngành nào cũng nhìu Deadline hết á :vv']",25884,"Chủ Nhật, 4 Tháng 2, 2024 lúc 20:00",3
[],[],[],26852,
['Có ai nghe tiếng pháo hoa đoạn gần trường không??'],"['Tất cả, 56', 'Thích, 43', 'Haha, 12', 'Yêu thích, 1']","['Vãi nho lun', 'T phân vân nên ngó ra cửa sổ xem hay đi ngủ, cuối cùng t chọn....', 'Bít ai đốt lun', 'Hoàng Lê Trà My ai thế', 'Đỗ Viết Dũng =))) b cũng bít mà']",27562,"Thứ Năm, 1 Tháng 2, 2024 lúc 22:54",5
"['49K của tôi ơi, nghe nói điểm đang bắt đầu nhảy đấy ']","['Tất cả, 260', 'Thích, 130', 'Buồn, 75', 'Haha, 38', 'Yêu thích, 15', 'Thương thương, 2']","['Hồ Như', 'Thanh Phương tưởng trường thương để sau Tết', 'Hồ Như quà Tết trường tặng á', 'Thanh Phương quà ni ngó bộ khét quá', 'Hồ Như ổn hong em', 'Dương Ngọc Duyên chưa có bẹn\n, thôi trg quên luôn đi cũng được', 'Hồ Như ngủ đi gòi mơ em', 'Đỗ T. Hiên sau tết kìa e', 'Ngọc Bích có thoii đi không', 'Nam mô', 'Hoài Thương nam mô diii', 'Mai Thị Kim Thoa ô vờ 9 nựa à', 'Võ Thị Hiền Lương còn nhớ những năm nèo', 'Nguyễn Cẩm Tú phải 1 lần giựt hb', 'Võ Thị Hiền Lương để mình nằm mơ cho', 'Gia Bảo Trương nhảy chưa ạ:(((', 'Phúc Nguyên nhảy về Mo rồi ạ :((', 'Gia Bảo Trương nhảy đau tim ác:(((', 'Thảo NhiNguyễn Thị Thùy LinhThư NguyễnKim HằngTrần Thị Hoài LinhThu Ngọc ổn không các em ??!', 'Bùi Hoàng Dũng vị của mồ hôi và nc mắt:))', 'Tui để bảng điểm đây, mn canh giúp tui vớii', 'Luong Luu nếm đi xem vị j']",28233,"Thứ Ba, 30 Tháng 1, 2024 lúc 20:00",22
[],[],[],29199,
['Tầm cỡ 29 30 ngày nữa thui nà '],"['Tất cả, 195', 'Haha, 107', 'Thích, 82', 'Buồn, 5', 'Wow, 1']","['Lê Bảo Trâm đừng buồn nha', 'Khánh đi luôn 10 năm đc ko cậu', 'vô ngĩa nhỉp', '116 oiiii', 'Đỗ Hoàng Anh Tạm bịt.', 'Lann Anhh ngày Hoàng tới cũng là ngày toiec tới', 'Đỗ Hoàng Anh Xin mù 3 giây.', 'Quỳnh Phạm 20ng nữa chớ nhiu', 'Kim Dung chờ miếng', 'Uyên Lê Thư :((', 'Linh Thư chưa chi mà nhớ t rồi hà', 'Linh Thư quả là biết cách thao túng', 'Đức Nhân nha nha', 'Mik cũng thế', '=)))', 'Nguyễn Thị Bích Trâm đừng nhớ anh nha', 'Nhi Bùi hzzz bạn lại bỏ t về trước như các lễ khác', 'Nguyễn Thị Bích Trâm anh về nhưng em nhớ anh mà', 'Hà Hà đừng nhớ bạn mà bệnh ra nha', 'Thanh Thảo Hà Thị Thanh Thảo hai chuỵ thấyy saoo ạ', 'Thoa Trương m khoải đi, dề huê một phát mất tăm', 'Hà Thị Thanh Thảo hí hí, em ở vùng đất thiếu sóng của 2 chuỵ nên zậy á', 'Bi Kim', 'Phạm Thương Nguyễn Phương Thanhh buồn hông Phương Thảo', 'Do Thi Thanh Hau chắc sẽ nhớ t lắm đây', 'Nguyễn Thị Thanh háo hức quá', ""Nay H'Ru"", 'Tran Thi Thu Trang ko có buồn nge', 'Nhu Quynh cũng muốn được xách vali về quê', 'Tran Thi Thu Trang soạn đồ đi xách vali lên trường cái về lại đất nước hòa vang', '@chi', 'Phương Chi', 'Trần Phương xin lỗi vì những lời hứaaaa', 'Hoàng Linh bạn ấy vô cảm xúc nhaaa', 'Nhy Nhy đã từng 1 thời', 'Tran Phuoc Anh ráng đi làm kiếm xiền lì xì tui nha bà', 'Thanh Kha kiếm tiền đi cúng chớ bà', 'Tran Phuoc Anh má =))) bớt giùm\nTui bỏ rồi', 'Thanh Kha bỏ mãi mãi hà', 'Tran Phuoc Anh hok', 'Thanh Kha nín dùm', 'Ngọc Thạch Ngọc Trâm Hồng Hậu năm sau gặp lại', 'Trần Thị Thanh Thuý nhớ nhau rồi', 'Ngọc Trâm suyyy hoy', 'Trần Thị Thanh Thuý Ăn Tết dzui dẻ', 'Vân Khánh lẹ', 'Bé Hằng Cung Trăng có ko giữ mất đừng tiếc', 'Hải Phương Trương Mỹ Tâm Nguyễn Thị Yến Nhi đừng nhớ tôi nhé', 'Hai Nhu em sẽ nhớ anh lém', 'Hai Nhu t chôm vé xe hok cho m dề chừ', 'buồn thì cũng buồn chút thôi, mưa nào mà hông ướt :vv']",29889,"Thứ bảy, 27 Tháng 1, 2024 lúc 20:00",51
['Đoán xem ai mới ngày đầu về quê ngủ tới 9h bị mẹ la nào? '],"['Tất cả, 233', 'Haha, 123', 'Thích, 87', 'Buồn, 22', 'Yêu thích, 1']","['6h mẹ đã la ròi tới 9h chắc ăn đòn qué', 'May quá 10h mí dậy :vv', 'Nguyễn Khánh An 10h đêm đi ngủ ah', 'Tran Thuy Linh tầm 1h sáng hoi', 'K mấy cho ra lại đc k chứ ở nhà mẹ la quá đi', 'Lệ Huyền hay z lắm', 'Lệ Huyền về ở vs tao nè', 'Nguyễn Đặng Thảo Vy để t bắt xe vào ở vs mi kkk', 'Lệ Huyền để nghe mẹ t la chung', 'Châu Phụng', 'Nhunn Lê 7h dậy nha ní', '7h mẹ dô mơ tung cửa sổ đón ánh mặt trời rồi', 'Trần Hoàng Lan Anh khum về quê nhma mới bị la xongg', 'M đúng ko Xuân Lộc', 'Vy Nguyen dậy sáng h r m', 'Kim Thoi về quê sớm cũng đừng mừng vội :))', 'Nguyễn Bảo Xuân Mai zề quê 6h là phải dậy rồi', 'elm đây', 'Thư Nguyễn . . . .', 'Viết Hoan về 2 ngày đều thức dậy vào 7h\nMadomekeuday:)))']",30695,"Thứ bảy, 27 Tháng 1, 2024 lúc 09:00",20
['Còn ai chưa về bước lên nhận giải đi nà '],"['Tất cả, 504', 'Haha, 221', 'Thích, 205', 'Buồn, 73', 'Yêu thích, 4', 'Thương thương, 1']","['Nguyễn Duyên', 'Chế Nguyệt Phượng :))', 'Vân Anh chúc mừng bạn', 'Nguyễn Thị Sương áccc', 'Trần Khương Trọng trao thưởng nì', 'N.V. Hưng Vinh dự quá', 'Cao Huyền về chùi dép trước đi', 'Linh Đen', 'Nguyễn Ngọc Thuận chúng ta', 'Le Viet Bang Tram ko ai khác ngoài em', 'hihi', '28 âm', 'Phạm Thị Linh mau đi', 'Nguyễn Ngọc Mỹ tự hào quạaaa', ':))', 'Linh Chi haha', 'Nguyễn Thu Hà về trễ nhưng hông có lúa vì là bỉ ngạn nâu', 'Linh Chi hahaa, chếc cười', 'Mỹ Tình', 'Thanh Thanh', 'Thu Lợi nhận giải nè', 'Hoàng Thảo Nguyên mãi iu khoa điện', 'Mai đi nhận ne', 'JuLyy NiêNêm Ayun', 'Nguyễn Huyềnn', 'Thư H Lê chính em', 'T làm tới ngày 29 nha', 'Nguyễn Quang Định', 'Hiền Minh up crown cho m nè,kkk', 'Diễm Miuly thôi nặng quá ko dám nhận', ':))))', 'Nguyễn Trà Giang chắc t nhận giải về sớm nhất', 'Thùy Linhh khéo sớm nhất trường :))', 'Nguyễn Trà Giang chắc là vậy', 'Tuyết Ánh', 'Nguyễn Công Thịnh ba nữa thây', 'Nguyễn Trần Trung Hiếu ai', 'Phan Xuân Trí đại ca ạ', 'Lê T.Hiền chắc chắn là b xứng đáng', 'Pham Hai An Vinh dự qué haha', 'Phương Thảo Trần Trang Hải Uyên', 'Đinh Lê Diểm Quỳnh', 'Do Tnhàn gào thét', 'Ðào Thị Hương Giang nhóm trưởng lên nhận giải đi', 'Trần Thùy Duyên nhờ chức danh đó chứ k giờ này tôi đã được an yên ở quê r', 'Ngô Dương', 'Ngọc Huyền hiccc', 'Nguyễn Luân', 'Thảo Nguyên đeo dùm cái huy chương', 'Thảo Nguyên ko ngầu nhưng hài', 'Nguyễn Bảo Xuân Mai zô nhận giải kìa', 'Diem Quynh nhận giải đê', 'Phuong Thao Le Ngoc Chinh', 'Đặng Tuấn mai lên trường nhận vs t nhé:))', 'Nguyễn Hùng Vĩ oke mai hai ae mìh đi', 'Ly Kim', 'Vân Giang nhận giải chưa', 'Nguyễn Quỳnh xin nhận', 'Thùy Trang', 'Nguyễn Vũ Quỳnh Như', 'Trần Thị Tài', 'Nguyễn Kim Quý t coa về âu m', 'Trần Thị Tài về chứ', 'Nguyễn Kim Quý en tết ngoài dok m ơi', 'Phan Hồng Hiệp chúc mừng bạnnn', 'Trần Thị Lan giải nhất', 'Bùi Phương Nam về lẹ nhận giải coiii v:', 'Nguyễn Trung Kiên giải thể', 'Nguyễn Ngọc Trinh bye', 'Phan Thị Thảo Ngân ý là chứng nhận ở quê nhưng nghỉ làm muộn nhất cũng có', 'Nguyễn Ngọc Trinh + đi làm sớm nhất', 'Kim Quí chúc mừng tổng tài nha', 'Xem thêm bình luận', '50/107', 'Nguyễn Thị Ngọc Hân 29 mới về 29 ngta ăn tết xong hết r bà', '28 tết', 'Nguyễn Khánh Linh kh ai =', '29 ms về', 'Yến Linh']",31547,"Thứ Năm, 25 Tháng 1, 2024 lúc 20:25",79
[],[],[],32273,
[],[],[],33056,
['Do cốc bia chứ không phải do tôi'],"['Tất cả, 261', 'Haha, 167', 'Thích, 90', 'Buồn, 3', 'Yêu thích, 1']","['Lốc 6 Lon Nước Giải Khát Coca-Cola vị Nguyên Bản Original Lon 320ml | Shopee Việt Nam', 'Lí do to hơn mục đích', 'Châu Dương', 'đồ khum nghị lực', 'Đáng yêu', 'Hồng Yếnn', 'Trương Thị Chúc hay lắm nha', 'Quang Anh', 'Nguyễn Hữu Ái Quốc', 'CB Đạtt', 'huhu', 'Nguyễn Ngọc Thanh Phương', 'Bảo Long đáng iu quá mà', 'Hồ Thị Tâm Sự Lan Em Nguyễn Thị Đoan Quỳnh nó đang mỉm cười vs mình kìa', 'Gia Ngoc ngày mai c đi chợ đừng có mua biaaa nhé', 'Ông Lì 6 ngày 6 đêm', 'Uyên Như Nguyễn Ngọc Hạnh Ngân HT ce mk bỏ rồi mà nhỉ', 'Phạm Thoan bỏ thêm bữa nữa cũng ko sao', 'Nguyễn Ngọc Hạnh hahah .e là bỏ thật rồi á', 'Tết này uống bia nguy hiểm nên mình order Coca về bỏ tủ nhé https://shope.ee/5pjKhI2BNV']",34176,"Thứ Ba, 23 Tháng 1, 2024 lúc 09:34",20
['Full A dễ lấy\nPhải đâu chuyện đùa '],"['Tất cả, 244', 'Haha, 150', 'Thích, 75', 'Buồn, 16', 'Yêu thích, 2', 'Wow, 1']","['Dễ đúng ko Kanh An :))))', 'Quang Nguyễn dễ ăn dép từ KA', 'Kanh An nhỏ này láo :)))', 'Quang Nguyễn anh nào em nấy . quả không sai', 'Huyen Dieu chờ điểm nhảy hihi', 'Nguyễn Phát m nè phải hong', 'Tới khúc điểm nhảy không biết còn tự tin như zay hong nữa :33', 'Em nhảy 0.18 là sao ạ huhu', 'Trần Thị Hương Điểm tphan của bạn 10 10 nên nó tự nhảy á', 'DUE Troll dạ chỉ có 10 9.8 thôi chứ không có 10 10 ạ', 'Như Phương xin phép k coi ạ']",35124,"Thứ Hai, 22 Tháng 1, 2024 lúc 20:46",11
['0:05 / 0:31'],"['Tất cả, 8238', 'Thích, 4,2K', 'Haha, 3,3K', 'Buồn, 583', 'Yêu thích, 57', 'Wow, 11', 'Thương thương, 2', 'Phẫn nộ, 1']","['Gia Như :))))', 'Tu Cat Ha', 'Quin Nguyễn sợ', 'Nhựt Linh Nguyễn', 'Trọng Nghĩa kiểu 1 3 chính là meeeeee', 'Ánh Ngọcc kiểu nào:))', 'Thùy Lynh làm chủ kiến thức trong một đêm', 'Cẩm Tú', 'Sao tao nghe tiếng cười của chồng tao đâu đó dị bây', 'Quỳnh Trang ngủ quên tầm chục lần', 'Đặng Phúc =)))))', 'Đỗ Hải Yến đm cayy', 'Trần Ngân', 'Hà MỹHà Ly', 'Phuong Anhh chính m', 'Nguyen Ngmy sao sao biet hay vay', 'Phuong Anhh tr s lai k bt dc', 'Như thật :((', 'Mộ Dung Thiên Tuệ', 'Hai Yen', 'Nam Minh trí kốt', 'Ngo Minh mưu hèn kế bẩn :))))', 'Nam Minh tất cả đều chỉ để qua môn thoi =))', 'Linh Anhh m kiểu 2 đk=))', 'Đặng ôn bài nên ngủ thôi à mắ', 'Sao mà đúng quá thể z kè', 'Nguyễn Hương', 'Kiểu 2 nhé, ngủ quên đếch đi thi', 'Thanh Thuý Thuy Trangg Nguyễn Nhàn Đào Hiền Lê Việt Đức Thanh Thủy Gia Huy Trần Thanh Huyền', 'Nguyen Van Anh :))))', 'Hương Phạm haizz', 'Won Myeong Joo', 'Ken Nguyen huh', 'Won Myeong Joo huh', 'm :)))', 'Vũ Lan Anh t kiểu 1', 'Lê Xuân =)))', 'Phạm Thị Thúy Quỳnh', 'Tram Anh', 'Diệu Ly', 'Nguyễn Lê', 'Kim Thảo', 'Kim Thư Lê', 'Băng Bùi phao đâu r', 'Hồng Nhã anh thuộc top đọc đề hong hiểu', 'Nguyen Phuong Anh :))', 'Bạc Hà truyền thái y:v', 'Thảo My kiểu kiểu z nè', 'Khải Ninh', 'Đoàn Thị Lê Thành :))', ':))', 'Phạm Vy', 'Lê Thị Bảo Trâm', 'Hoàng Nguyên Thảo Uyên Thúy Hà Thương Nguyễn Hồng Trinh sự thật kkk', 'Giang chuẩn', 'Nguyễn Lê Minh Phương thân gửi em :)))', 'Lê Thị Nhật Linh lấy gốc trong một đêm', 'Đỗ Nguyễn Như Ngân may cũng ngủ quên mà đc bạn cú', 'Yuyi Lyinh', 'T', 'Chắc học nhầm đề', 'Hương Phối', 'Nguyễn Tường Vy Thảo Nguyên hai bạn xem phải 2 bạn không', 'Chiêu Hiền gud lứt', 'Chieu Anh hép mi', 'Xem thêm bình luận', '50/81', 'Lanh Lê t thấy có m tỏng này á']",36204,"Thứ bảy, 20 Tháng 1, 2024 lúc 20:15",68
['Hôm nay trời nắng đẹp\nRất thích hợp để về quê '],"['Tất cả, 371', 'Haha, 242', 'Thích, 124', 'Yêu thích, 3', 'Thương thương, 1', 'Buồn, 1']","['Miinh Hằnngg you kìa', 'Lê Thị Bích Vân :)) chạy vội vì muộn xe', 'Miinh Hằnngg nổi tiếng rồi', 'Hạ Quyên Nguyễn xin đấy', 'Miinh Hằnngg\nbất ngờ chưa', 'Thảo Bún ngày này mấy năm trước là cuốn gói về quê r', 'Tuong Thi Xuan Huong 4 năm chưa bao giờ về sau 15/12 âm, thấy mình thật đỉnh', 'Bùi Lê My', 'Lê Tiên Dung xếp đồ đee', 'Đan Thuy đã xếp', 'rất thích hợp để đi du lịt', 'Đào Văn Tuyến đi quýnh bài', 'Thương Ngọc My Phạm về sáng sớm nên k biết là trời đẹp hay xấu nựa', ""K' Tuyết bạn đã zề ăn cơm mẹ nấu đc 2 bữa r còn tui"", 'Thương Ngọc còn 1 tuần nữa thôi cổ lơn', ""K' Tuyết tự nhin thấy lâu ghê ý"", 'Thương Ngọc còn 1 tuần thôi cố lên nha', ""K' Tuyết Diem Quynh miéc ik m"", 'Thương Ngọc đừng rứa chứ bây', ""K' Tuyết Mình tốt mà đâu làm j đâu"", ""K' Tuyết về sớm đi t méch cô"", 'Diem Quynh suỵt. Đừng tồi rứa chứ', 'Doo Ha Kim Khue', 'Binhtan Le răn mà mi nhận ra ta hay rứa', 'Mai Yến Nhi kìa bạn', 'Trần Thị Lan Anh hình ảnh Mai Yến Nhi 4 ngày nữa đây s', 'Hoài Thu Lê', '', 'Quỳnh Phạm còn 4 ngày thoi elm', 'Nguyễn Hoàng Thảo Ngân m à', 'Nguyễn Ngọc NhưYs đù đều vali tao cute hơn:)))', 'Thao Anh mai là m a ri nè', 'Thương Lê mai t vác vali lên lớp nà', 'Nguyễn Nga Nga về quê hả', 'Miinh Hằnngg Uiii']",37025,"Thứ bảy, 20 Tháng 1, 2024 lúc 17:00",35
['Kiếp nạn của web trường khi điểm vừa hiện full'],"['Tất cả, 136', 'Thích, 83', 'Haha, 34', 'Buồn, 19']","['Tran Quoc Dat', 'Bảo Bảo Gia Gia ổn k pạn', 'Phan Thị Thục Anh\nmấp mé chìm nổi', 'Ông bà mách bảo nên vô sớm\n, và cái kết buồn cả mùa Tết', 'Cách nhanh nhất để xem điểm là vào thẳng web của phòng đào tạo nhé mn']",38095,"Thứ Sáu, 19 Tháng 1, 2024 lúc 20:50",5
"['""Em thấy leo tầng 4 cũm khum khó lắm mà anh chị""']","['Tất cả, 328', 'Haha, 196', 'Thích, 122', 'Buồn, 6', 'Yêu thích, 3', 'Wow, 1']","['', 'Tại em khum phải nặng lòng về vĩ mô vi mô kế toán... em à', 'Mỹ Duyên sáng em leo như nào :)))', 'Trang Mai tủi trẻ. Chưa trải đc cảm giác leo từ tầng 4 khu D qua tầng 4 khu A', 'Ánh Duyên Thương Lê Minh Thư ngta cũm leo 4 tầng kìa :>', 'DẦU NHẬT IKO NHẬN ĐIỀU TRỊ XUẤT TINH SỚM MIỄN PHÍ - GIÚP CÁC ANH TĂNG THỜI GIAN QUAN HỆ 60 PHÚT - IB EM TELEGRAM : @daunhatiko1', 'Đừng ai nói là vô học phải leo 4 lần 1 tuần với balo nặng 4 cân chưa kể leo nhầm sang tầng 4 khu D đi về ra nhà xe hơn 400m và chờ quét thẻ từ nữa nghe, thèn bé sợ đó:)))', 'Nguyễn Phan Minh ThưDong Anh thấy lạnh sống lưng ngang']",38784,"Thứ Sáu, 19 Tháng 1, 2024 lúc 12:22",8
"['Ad mai về lau bàn ghế, các bạn còn đợi gì nữa nào ']","['Tất cả, 246', 'Haha, 164', 'Thích, 77', 'Yêu thích, 3', 'Thương thương, 1', 'Buồn, 1']","['Chắc là ngày 25 về không say xe :))', 'DUE Troll mình chạy xe máy ạ', 'Nguyễn Công Hoàng say ke', 'mí bạn về từ 15 chắc phải tốt x2', 'Phan Thị Khánh Hòa', 'Dương Phương Diễm', 'cho về với mẹ đi ạ', '', 'về thoaiiiiiii', 'Dung Lê chọn ngày đẹp mà về', 'Bich Anh 20', 'Hồ Như =))', 'Nguyễn Phương Linh k say xe là ổn r đó', 'Anh Thư Milk yeahh', 'Ánh Kim dọn đồ về là vừa rồi đó', 'Trần Thị Thanh Nhàn sắp rồiiii', 'Tống Cẩm Quỳnh mai đi h.an 0', 'Ngọc Hân nhắm chắc kèo chưa', 'Tống Cẩm Quỳnh dề chắc nằm liệt giường tới tết tỉnh', 'Ngọc Hân bth m cũng có tỉnh đâu', 'Tống Cẩm Quỳnh t tự ái chứ t 0 tỉnh', 'Nguyễn Công Hoàng ad đoán dị á, ad tin là Hoàng sẽ không say xe, cố lênn']",39712,"Thứ Hai, 15 Tháng 1, 2024 lúc 20:40",22
['Shopee sập rồi'],"['Tất cả, 142', 'Haha, 73', 'Thích, 55', 'Buồn, 13', 'Yêu thích, 1']","['Tuyền Châuu Khánh Linh ngủ đi', 'Phương Thảo', 'Phương Thảo chốt bth mà ta', '', 'Thật:)) bảo sao chốt đơn mã lỗi miết']",40591,"Thứ Hai, 15 Tháng 1, 2024 lúc 00:05",5
"['Ý nghĩa của hoa bỉ ngạn đối với sinh viên ', '0:06 / 0:15']","['Tất cả, 1448', 'Haha, 663', 'Buồn, 447', 'Thích, 329', 'Yêu thích, 7', 'Wow, 1', 'Phẫn nộ, 1']","['Nhân Trần', '10 điểm bỉ ngạn trắng Trần Thị Lê Na', 'Trần Thị Nhã Uyên bỉ ngạn vàng 5 điểm =))))', 'Trần Thị Lê Na là cao ròii', 'Ác:)(', 'Mai Linh', 'Phương Khanh', 'Kim Huệ', 'Minh Phương', 'bỉ ngạn xanh có vẻ đau khổ:))', 'bảo châu\nbổn nghị làn', 'Ngọc Bình Thu Phương', '', 'Ng Giang', 'Phuong Anh', 'Maca Ronee', 'Tống Cẩm Quỳnh học lại :(((', 'Nguyễn Hoàng Khôi Nguyên', 'Nguyễn Hồng Ngọc bỉ ngạn j', 'Như Yến', 'Hải Yến', 'Minh Trí quao', 'Tuyen Tran Hương Giang', 'Phuong Anh =))', 'Nguyễn Phương Hoa ý là em k muốn gặp lại cái nào chị oi...vừa cũng lướt thấy trên page vnu', 'Phuong Anh =)))) tôi cũng vậy trải qua hếc r thì k muốn gặp con quỷ nào nữa', '', 'Phạm Thị Duyên Hải', 'Ha Phuong tới nhà chưa', 'Phạm Thị Duyên Hải tới lâu òii', 'Phát Minh ý nghĩa quá', 'Quỳnh Như\nớn lạnh, minhphat sẽ ghét hoa lun', 'Hoàng Dương =)))', 'Ly Trúc nghe nói bạn thíc hoa bỉ ngạn', 'Bảo Xuyến', 'Cam Hạ gặp được mấy màu hoa rồi =))))', 'Huyền Mai nhắc lại cho nhớ', 'Chi Tran đã là xưa r diễm ơi', 'Nguyễn Thanh Thảo', 'Lê Anh Trúc bỉ ngạn đen\nnguyên lí kế toán', 'Nguyễn Thanh Thảo hồi ức đau thương', 'Ngô Huỳnh Thanh Thuý Tết này con không (dám) về', 'Trà My gửi thư điểm cái là khủa về', 'Thảo Trang bánh cuốn quá', 'Đat Gia', 'Minh Ngọc Mai Lê Thúy bỉ ngạn', 'Nguyễn Thu Huyền suy quá', 'Lã Hoàng Bảo Phúc dành cho mayy', 'Phương Võ', 'Hao How cái lùm mía...', 'Minh Anh bỉ ngạn xanh', 'Tú Chi bỉ ngạn vàng', 'Kim Anh Lê Minh Hằng', 'Trương Bách Việt Cẩm Hương Nguyễn Hồng Ngọc Nhi Trúc Khánh Vân Thii Nguyenn ý nghĩa quá', 'Hồ Trâm combo sát thương cho ngày Tết', 'Đào Tô khóc thét', 'Phạm Thành m chọn bỉ ngạn nào', 'Trần Minh Tường Vy', 'Nguyễn Thu Huyền', 'Ánh Tuyết t sợ toán hơn', 'Nguyễn Thị Thúy', 'Tuyết Trinh Hèngg Nguỵt Trúc Oanh nguyện làm bỉ ngạn', 'Ánh Hồng hay zâyh qué ạ.', 'Ánh Hồng bỉ ngạn hồng lấy chồng đại gia', 'Nguỵt Hèngg tôi chọn giống bạn', 'Tuyết Trinh ừ z đuy', 'Trịnh Thảo Hương Biện Quốc Thịnh ghét hoa bỉ ngạn từ bây g', 'Hồ Mỹ Tâm khóc thét', 'Phạm Ngọc Thủy Ngân bỉ ngạn vàng 5m2', 'Phuong Thaoo bỉ ngạn đỏ học lại 4tr', 'Hà Nhi bỉ ngạn thập cẩm', 'Từ Nhi ha ha ha ha ha ha ha', 'Trần Nguyễn Quỳnh Như quad kill:)))', 'Xem thêm bình luận', '50/99', 'Ăn Tết ngon hay không là phụ thuộc vào bỉ ngạn …', 'Minh Luc', 'Thanh Thảo', 'Nhật Nhật Nhật Thu thiếu bỉ ngạn trắng tinh khiết']",41262,"Thứ bảy, 13 Tháng 1, 2024 lúc 20:01",79
"['Một phút em ngẩn ngơ..', '0:05 / 0:10']","['Tất cả, 5347', 'Thích, 3,7K', 'Haha, 1,2K', 'Buồn, 272', 'Yêu thích, 24', 'Thương thương, 9', 'Wow, 3']","['DUE Troll xin lỗi tay của họ k dài như tay bạn', 'DUE Troll tại sao không phải là dở lên láy thẻ rồi để suônga', 'Nhân Trần nó ốp xi măng vào đấy thì nhấc bằng gì :)))', 'Ngân Ngân hời ơi bạn ơi cái này nó thiết kế có cái ngàm chịu lực thôi dở lên dc cton quét rác cặn bẩn lâu ngày nữa á', 'DUE Troll lợi thế cộng thêm, cầm gì cũng thấy to', 'Ai khót nỗi đau này', ""K' Tuyết mới làm xong là t nghĩ rồi sẽ có ngày ngư này ai dè thật luôn :)))"", 'Thương Ngọc mình đoán k sai mà', ""K' Tuyết bữa nào còn rớt điện thoại nữa thì:)))"", 'Thương Ngọc nói nữa là nó rớt thiệt đó cha', ""K' Tuyết"", 'Thái Phi có z k\n?', 'Ngân Lê k có nge. thẻ lun đc cầm cẩn thận', 'Lấy tốt.', 'Hồ Ngọc Đạt', 'Vi Thị Trà My cái miếng sắt nớ nhấc lên được á chị', 'Thu Hà', 'Khanh My :)) mất thẻ 1 lần r mà hong bít sao mất lun nè', 'Nguyễn Phương Nam', 'Thanh Miiu đắng lòng', 'Dương Ngọc Duyên cái gì cũng có thể xảy ra=)))', 'Phạm Hương có ng test hộ :))', 'Trân Mai phải là cái đth', '=)))', 'Lê Thảo Nguyên check cống nước mau', 'Phan Thu Huyền mai thấy bà huyền đi canh nắp cống tìm thẻ', 'Thu Huyền', 'Kim Dung coi chuk cậu', 'Nguyễn Thị Mỹ Khuyên cách dấu thẻ mãn đời nek', 'Nguyễn Phan Thanh Thảo má, suy nghĩ này đã vờn trong đầu tao cả trăm lần', 'Nguyễn Thị Mỹ Khuyên từ cái hôm cô dấu cái thẻ của toii', 'Anh Tieu', 'Băng keo dính cái là dc', 'Cần 1 cục sigom là được à', 'Thao Hoang', 'Gở lên dễ ẹc', 'Băng keo hai mặt.', 'Hồng Nhung Trương Thị chừ răng', 'Nguyễn Thanh Hằng =))))', 'Hà Hải móc thôi htrc e cx rơi chìa khoá, kể chưa nhể', 'Nguyễn Thị Diệu Linh', 'Thu Trang mình có đến mức vầy đâu, mình là ko biết rơi đâu', 'Nhấc cái nắp cống lên mà lấy, ngẩn ngơ coin card', 'Quận băng keo là đc', 'Nguyen Viet Quan', 'ngơ thật luôn', 'Nguyễn Lê Ngọc Hân ngừi phụ lữ lực điền xuất hiện liền', 'Cưa ra mà lấy', 'Ké', 'Anna Rink mình có xe rồi nè', 'Anh Tram là cái gì zẫy', 'Anna Rink cái thẻ xe rớt dưới cống đó chời', 'Anh Tram mới có xe nên nhìn chưa có ra haha', 'Hoai Kute nhớ lắm', 'Nhấc lên, k nhấc lên được thì phá', 'T bị rơi tiền xuống đấy', 'Ủa rr sao kh dỡ cái đó lên mà lấy :))', 'Nhấc tấm chắn lên là xong', 'Nhấc cái nắp lên', 'Ngọc Tú Ngan Nguyen', 'Ngân Ngân', 'Ctrl Z', 'Thật câm nín lun c oi gần nhà bấm thẻ có đó cẩn thận kaka', 'Thanh Hiền Nguyễn Eric Phạm Minh Thiện', 'Thư Lê chúc m sớm bị như z', 'Lây cuộn băng dính to kéo ra thả xuống là đinh vào', 'Nguyễn Lê Ngọc Hân t nhấc cả lò cống lên luôn', 'Trương Thị Hồng Nhung chị khác biệt, chị nổi bật', 'Xem thêm bình luận', '50/212', 'Hướng dẫn lấy đồ lọt xuống khe ở nhà xe:\nCách 1: iu một bạn nữ dễ thưn tay nhỏ đủ lách qua khe đó', 'Cột sợi dây cho chắc', 'Trần Thanh Tú', 'Còn tôi thì bị cướp thẻ ngay cổng Như Quỳnh Hoàng Trần Gia Bảo', '=)))))))']",42130,"Thứ Sáu, 12 Tháng 1, 2024 lúc 19:39",75
"['Tự nhiên thấy cũng sang sang ', '0:05 / 0:12']","['Tất cả, 774', 'Haha, 595', 'Thích, 160', 'Yêu thích, 10', 'Buồn, 7', 'Thương thương, 1', 'Wow, 1']","['Lê Hữu Truyền trường cx xịn', 'Ad nhìn là biết có kiến thức- kinh nghiệm và trải nghiệm rầu.', 'Ly Ly cho tí voice này thấy sang hẳn', 'Diem Quynh xịn xịn liềnn', 'cái này cần có kiến thức - kinh nghiệm và trải nghiệm nha']",43070,"Thứ Năm, 11 Tháng 1, 2024 lúc 20:30",5
"['Gợi ý cách học bài ""NHẬP TÂM"" cho 49K']","['Tất cả, 180', 'Buồn, 77', 'Haha, 53', 'Thích, 47', 'Yêu thích, 1', 'Thương thương, 1', 'Wow, 1']","['y đang nằm luôn', 'Thịnh Huỳnh giống mi lun', 'Nói chung là ấm từ chân tới đầu', 'Lê Ngọc trong lạnh ngoài ấm', 'Lê Tiên Dung', 'Le Hoang Thanh', 'Ước 7₫ vi mô', 'Phong Tuấn cao vậy', 'Phong Tuấn ghê vậy fen', 'Nguyễn Lê Gia Huy thua huy xí hả kkk', 'Phong Tuấn hơn nhiều rồi', 'Qua môn được r:))', 'Dương Quốc Tài nhập dô chưa', 'Phương Thảo dô rồi chị ơi, chỉ với 30k có người kèm lun', 'Diệu Linh làm ngay và luôn', 'Trần Thị Yến Vy thực hành liền', 'Diệu Linh đến giờ rồi', 'Linh Võ', 'Lê Thanh Tú Chi này học 12 tiếng 1 ngày vẫn được', 'Thảo Ngọc chắc chắn là mi', 'Phạm Hương tui đang ngồi học ngoan ngoãn\npà làyyyyyy', 'Huỳnh Như Tâm', 'Phuong Nguyen cái ni e thực hành thường xuyên :))', 'Phương Nhi ổn hông', 'Đặng NhưÝ đang nhập nè', 'Phương Nhi nhập trà sữa hả :))', 'Nhân Trần', 'Thảo Ngọc', 'Nguyễn Huyền tui nhột ngang', 'Nguyễn Quốc Toản', 'Phung Ngoc Anh không cám dỗ bằng', 'Yến Vy ra zone6 ngủ', 'Nguyen Nguyen cho qua ngủ ké với ạ', 'My My :>', 'Vân Khánh chill thoai, ông bà gánh dùm con', 'Phương Linh Nguyễn Thị Thu Trang tiếp thu', 'Thị Ngân thực hành liền đi…', 'Phương Linh đanggg', 'Hoàng Mỹ Ngọc ko dám cãi', 'Thu Nguyệt mô fat', 'Trần Lê Bảo Hân có lẽ em sẽ cần', 'Oanh Nhàn buồn vì đúng quá phải ko :)))6', 'Thu Nguyệt dạ =)) đúng quá hết cãi', 'Như Yến ta thấy cách ni hiệu quả thiệt nè :)))', 'Hồng Hà t hc qth y vậy đó', 'Như Yến thấy 2 ta điều ở trỏng', 'Vương Văn Quyền m thấy cách học của t chưa', 'Thiên Thiên Ý :)))', 'Ước 7 hichic 60 câu trắc nghiệm muốn đột quỵ não', 'Nguyễn Thị Thùy Linh tưởng mỗi cái đầu nó lạnh']",43922,"Thứ Năm, 11 Tháng 1, 2024 lúc 20:00",50
['Lí do hợp lí khiến đồng phục trường X tăng giá'],"['Tất cả, 157', 'Haha, 106', 'Thích, 47', 'Buồn, 3', 'Yêu thích, 1']","['Hoàng Thị Thảo Vi pass lại ik pằ', 'Gia Vy', 'Thảo Ly đồ tết của vk đó', 'Lê Nguyễn Mỹ Thu', 'Nguyễn Nhật Quangg hỡi a bạn', 'Từ Yến Nhi m vừa phải nghe\nTín hiệu vũ trụ à', 'Từ Nhi phải đủ hiểu biết, trải nghiệm, kinh nghiệm mới hiểu được', 'Kệ mẹ trường tauu', 'Soi cl', 'Nhà thiết kế Thái Công có thể thiết kế lại màu đồ thể dục trường em đc khum, tụi em dễ thưn chắc ngài khum lấy tiền thiết kế đúng khum ạa']",44693,"Thứ Năm, 11 Tháng 1, 2024 lúc 10:46",10
['Lên xe thôi nào những người ae '],"['Tất cả, 1099', 'Haha, 437', 'Buồn, 410', 'Thích, 247', 'Yêu thích, 2', 'Wow, 2', 'Thương thương, 1']","['DUE Troll xe này chê nhé', 'Hoàng Đức Quân', 'Bùi Thị Thuý chưa nợ môn nào', 'Truong My Na', 'Tra Giang đừng v chớ', 'Xe của Nguyễn Đình Khoa', 'Hoàng Liêm fun A', 'Xin 1 slot nha', 'Hoàng Thị Thủy', 'Hoàng Vân xin 1 ghế', 'Dũng Nghĩa', 'Nguyễn Hoàng Tiến', 'Thanh Thảo thau lạy á', 'Nguyen Huong Lyy', 'Phan Thị Phương Thảo ác', 'Mai Huyền', 'Phan Thi Tra My ê nam mô', 'Khánh Vi lên xe', 'Tường Vy', 'Diệu Huyềncoi á', 'Hương Huỳnh ăn nói xà lơ', 'Trần Thị Thuỷ', 'Nga Lê', 'Hữu Long về bảo bố mẹ m', 'Ngọc Liên', 'Hà My mới thi đc có môn à kkk', 'Ngọc Liên cứ tutu còn nh môn', 'Hà My kkk ko rớt môn đc đâu', 'Lương Thảo', 'vãi', 'Thanh Hiền', 'Linh Chi', 'Nguyễn Toàn ngồi xe này là hết cứu nha em zai :)))', 'Hải Quỳnh :))', 'Minh Phát', 'Võ Phương Thảo', 'Hồ ÝVy đợi thi nốt rồi bắt chuyến này về', 'Võ Phương Thảo nhanh chứ xe đợi hơi lâu ắ', 'Ngọc Hòa=)))', 'Trần Thân', 'Hoàng Huy về thui', 'Phạm Phương Thảo toai hông nợ môn tui rút chỉ', 'MẠC DUY TOÀN', 'Hiền Hànn', 'Huáng Yán Wéi chưa thi mà nói d rùi', 'Hiền Hàn nó là như gị rồi á', 'Hồ Thị Phấn Điệp', 'Mỹ Duyênn về', 'Tạ Huy Thy', 'Tô xe này đăng kí ở đâu vậy', 'Phan Quốc Đạt lên xe mà đi đi em', 'Phan Quốc Đạt trả vài tín thôi=)))', 'Hồ Minh TuấnNguyễn SơnKiều Oanh lên xe đi về quê =))', 'Ngọc Kim', 'Anh có cần ko Hoàng', 'Khánh Ngô đi t vs m đi về:))', 'Văn Tuấn lên đò đi cho nó phẻ:))', 'Khánh Ngô đi cái đoa nhanh lắm á:)))', 'Luongg Namm lên xe', 'Lê Thị Mai Thương', 'Nguyễn Tuấn Minh leen xe', 'Hương Thảo anh em mình lên xe', 'Nguyễn Thu Vui còn tôi nợ th', '', 'Ánh Ngọc Phạm', 'Thanh Trúc gooo', 'Khánh Huyềnn lên xe anh đèo', 'Trịnh Thị Ngọc Huyền c đã cập bến', 'Hoàng Võ Đại Quan lên xe đi chị đón', 'Nguyễn Thị Phương Thảo em lên liền', 'Nguyễn Trung Cường', 'Từ Thị Thủy tối nay nơ chở về lun nè', 'Nguyễn Trung Cường ụa, nhanh d tr :)))', 'Từ Thị Thủy kkk về ngồi chống\nCằm hóng thủy về', 'Hồ Thị Lệ Quyên lên xe dề thôi', 'Kim Vịnh tui rén ngang :((', 'Nguyễn Ngọc Minh Kha', 'Yến Nhi :))) kh nợ', 'Nguyễn Ngọc Minh Kha Mê', 'Huy Trần chở m chắt', 'Phương Uyên ẩu fen', 'Huy Trần chở t vs m ak đỉ ơi', 'Xem thêm bình luận', '50/167', 'Không chê Troll nghèo lên xe Troll đèo', 'Trần Thị Hương', 'Trần Thị Hằng', 'Trần Lai kh biết có free không']",46065,"Thứ Tư, 10 Tháng 1, 2024 lúc 11:36",88
"['Thi xong được nghỉ Tết 1 tháng luôn ó, ráng lên ']","['Tất cả, 410', 'Buồn, 160', 'Thích, 138', 'Haha, 105', 'Yêu thích, 6', 'Thương thương, 1']","['=))', 'Trần Thị Hương Hương cho P xin vía nhá', 'Thanh Phúc thi xong tặng cho Tuấn trận bóng đê', 'Võ Quang Tuấn P viết bài không nổi sao đá đấm đây T', 'Thanh Phúc nhanh khỏi thoi', 'Ánh Nguyễn khộ:))', 'Phương Mai mọc cánh để bay về chưa sếp', 'Ngoc Ha đường về nhà xa quá mẹ ơi', 'Nhat Anh 6 môn nữa thoi mà', 'Ngọc Hà thui gáng', 'Tống Cẩm Quỳnh còn kiếp nạn cuối kì nx chị ơi', 'Ngọc Hà thôi đốt ún đi', 'Còn 3 tín vĩ , 4 tín vi, 3 tín tiếng anh, 3 tín quản trị, 2 tín pldc , 3 tín marketing nữa là đến nới', '', 'Lê Lê Tuấn Hải 46K có chắc là có tết', 'Thảo Ngọc thích qá', 'Phan Nhi thoiiiii nờ', 'Ủa thi xong là nghỉ luôn hay còn đi học ạ?', 'Phạm Thị Lan Anh', 'Thanh Phúc không sao, không thở được còn bình oxi:))', 'Thanh Phúc Hương học ngu lắm Phúc', 'Quyết Thắng thi xong mình ra bến xe lun nà :333', 'Sợ']",46771,"Thứ Ba, 9 Tháng 1, 2024 lúc 18:00",23
['sắp tới cơm có thịt rồi :33'],"['Tất cả, 130', 'Haha, 70', 'Thích, 51', 'Yêu thích, 7', 'Thương thương, 1', 'Buồn, 1']","['Khà khà', 'Trần Mỹ Hạnh Trương Mỵ Nguyễn Thị Tường Vi Kiều Diễm gáng lênnn', 'Thúy Vy để ráng', 'Thúy Vy\ncó ai lì xì mình ko', 'Trương Mỵ mk cx thích được lì xì', 'Cuối tuần nào cũng về báo']",47489,"Thứ Hai, 8 Tháng 1, 2024 lúc 20:15",6
['Lớp nào nấu tất niên sớm vậy '],"['Tất cả, 441', 'Haha, 313', 'Thích, 123', 'Buồn, 3', 'Yêu thích, 2']","['46K15.4', 'Nguyễn Hải Thịnh ngta đánh cái vá lên đầu =))', 'Hoàng Lê Trà My', 'Sinh VănTrần Long quen quen :))', 'Hoàng Tuấn quá quen', 'Hoàng Tuấn =))))', 'Nguyễn Ngọc Thuận tranh thủ hỏi xem họ thuê ở mô e ơi =))', 'Quỳnh Na em cũng mún biết', 'Nguyễn Thị Thu Ngân đi ra hóng xem', 'Phương Thảo bận quá bạn ơi', 'Nguyễn Ngọc Thuận tưởng đồ của leader Hậu cần :)))', 'Le Viet Bang Tram mình hok có đó', 'Lê Tuyết Trinh đồ của mình thất lạc hả chị', 'Khánh Linh lẹ quá, lớp keto :<<<', 'Thùy Phương nấu tất niên ni hơi cực =))))', 'Linh Ngọc mở dịch vụ nấu cho 100 ng dc roài', '48k20 hạ', 'mấy bạn bên due chơi lớn quá']",48260,"Thứ Hai, 8 Tháng 1, 2024 lúc 12:31",18
"['TÓM TẮT TUẦN VỪA QUA', '0:07 / 0:33']","['Tất cả, 9519', 'Thích, 5,6K', 'Haha, 3,5K', 'Buồn, 158', 'Yêu thích, 129', 'Thương thương, 23', 'Wow, 12']","['Khổ Võ Hoàng Ngọc', 'Thuỷ Tiên chuẩn bị đổi vé đi', 'Hồng Ánh cười vl', 'Lương Liêm Phong', 'Trí An', 'Tuyết Nhung', 'Xong lại dọn tiếp bộ rồng bay phượng múa', 'Anh Thư Thi Đoàn Chúng tôi kh có tâm trạng', 'My Phạm tuần ni tâm trạng lên xuống như đi tàu lượn dị đó', ""K' Tuyết giờ tâm trạng xuống ròi"", 'My Phạm xuống từ hôm biết 29 mới đc về cơ :))', 'Tui 8/2 ms nghỉ :))', 'Đã vậy còn đc nghỉ tận 1 tuần =)))))', 'Còn tui đầu tháng 2 mới đc nghỉ', 'Í là t cx sắp về quê, mà nghe là trc khi nghỉ sẽ có bài ktra 15p all môn:)) mà t nghỉ trc 1 tuần, nếu cho nghỉ sớm thì tốt bt mấy', 'Nguyễn Lâm câu chuyện buồn quá chị ơi', 'Nguyễn Mai Anh một câu chuyện cảm lạnh', 'Lam Anhh', 'Xin đoạn mèo buồn', 'Cung Khoa', 'Mỹ Uyên', ':)))', 'Thục Đan Hà Tĩnh kìa:))))', 'Ngân Trương', 'Trà Myy', 'Lương Poor đời k như mơ', 'Trần Yến Nhi', 'Nguyễn Minh Tâm nghỉ 7 ngày tết đủ òi', 'Hành Lá Aà', 'Thảo Nguyên :))))))))', 'Tam Nhuu', 'Hải Lộc', 'Đỗ Xuân Hạnh', 'Thiên Ann', 'T m5/2 đến 17/2 :))) xog học 2 buổi nữa sang tuần sau thi r lại nghỉ thêm tuần nữa sag block sau :))', 'Kỳ Duyên', 'Thế Ngọc', 'Meo Meo', 'Thoa Kim', 'Báu Nguyễn', 'Hồ Hoàng a lúc nào về vinh để e trốn ra :))', 'Lê Mạnh Cường', 'Cẩm Vân', 'Hao Nguyen khổ lắm', 'Diêm Thành Nhân nghe nói ông muốn ngày 22 về', 'Nguyễn Thảo =)))', 'iem đc nghĩ 1 tuần', 'Được nghỉ 2 tuần =)))', 'Hàn Phi Nguyệt hahaa', 'Nhat Le\nngày 27 zìa, mình đi xe máy zìa hehe', 'Mai Anh', 'Đoàn Thị Lê Thành :)))', 'm hả Van Anhh', 'Minh Ngọc dm tưởng t thật á tr=)))', 'Bigz Trâmm Hải Yến 4/2 mới nghỉ', 'Đinh Nhạn kêu nghỉ được nhiêu thì nghỉ mà hăm chịu', 'Bigz Trâmm nhưng toai muốn học', 'Huỳnh Thị Thanh Thảo iuh mãi đỉnh nữa đi ::))', 'Thai Bao', 'Xem thêm bình luận', '50/105', 'Thoa Hoàng']",49384,"Thứ bảy, 6 Tháng 1, 2024 lúc 20:01",62
"['Họ năm tốt\nTôi ""nằm"" tốt ']","['Tất cả, 376', 'Haha, 195', 'Thích, 155', 'Yêu thích, 17', 'Buồn, 9']","['Nguyễn Vũ Duy chắc là chị rồi', 'Nguyễn Phương Linh', 'Nguyễn Bích Ngọc', 'Đức Minh bro có cần thuê người chụp với background ni không', 'Ngaa bro tìm được tên tôi thì tôi sẽ thuê =)))', 'Đức Minh hàng thứ7 từ dưới lên bên trái', 'Ngaa bro có muốn chụp ké không mình cho chụp chung tấm nè', 'Nguyễn Trần Khánh Hạ tìm lé mắt', 'Ngân Hà tên t cao quá với kh tới chụp kaka', 'Bảo Hân có cậu khomm =))', 'Kỳ Kỳ', 'Chúc mừng nhé\nPham Vũ Anh Thư', 'Huỳnh Thị Lệ Hoa Ủa chị đâu có thấy', 'Ánh Ngân em chọc', 'Huỳnh Thị Lệ Hoa cảm ơn bà nhé', 'Lê Lê Tuấn Hải tên mài ở mô', 'Nguyễn Anh Thơ tìm đi cho 20', 'Nguyễn Phương Hiền', 'Nguyễn Bích Ngọc ngưỡng mộ quá', 'Hiền Trần sau order ở non nc cho ẻm 1 cái cẩm thạch cho noá chất lượng đi cô', 'Đậu Nguyễn Trà My', 'Trúc Ngọc thôi bạn à.Cái gì xấu thì che lại', 'Phung Ngoc Anh thấy cái bục không', 'Nguyễn Quốc Toản sao hong có bóng bay với chong chóng', 'Phung Ngoc Anh Đây ở sân trường, bóng bay chong chóng là trên hội trường ạ', 'Nguyễn Quốc Toản ra zay', 'Đức Trãi shao chưa thấy idol up ảnh với cái bg này z', 'Trương Thị Quỳnh Như', 'Nguyễn Thị Siêm z là tốt rui', 'Nguyễn Thị KiềuAnh mình cái gì tốt', 'Le Anh Thu chúng ta sinh ra hoàn hảo', 'Anh Thu cô dáo ngày mai check in bảng vangg khum z', 'Võ Minh Nhật ngày mai e có lớp cùng các con iu', 'Trà My', 'Ngô Huỳnh Thanh Thuý c-chỉ biết ước', 'Nguyễn Thị Phương Thảo ko ai qua đc tôi', 'Duy Thắng đố bạn tìm đựt tên tui', 'Đỗ Lê Khánh Linh uạ ở đâu dạaa', 'Quỳnh Phạm sai chỗ mô được', 'Kim Dung ăn tốt ngủ tốt là vui r', 'Nguyễn Thị Minh Nguyệt em thấy tên chị òi nè', 'Quỳnh Như hé héeee', 'Võ Minh Nhật nhìn thấy tên bạn mình liền lun cha ơi :))', 'Mỹ Nhật tên bạn đầu tiênnn', 'Trương Thị Bình định kêu đố anh kiếm được em', 'Nguyễn Trần Khánh Hạ Thấy tên Khénh Hẹ rùi nhó', 'Nguyễn Thị Xuân Thủy ơ tên pà đâu :vvv', 'Hoàng Nguyễn Minh Minh Nguyễn Cát Tường Nguyễn Trang Lê Như Tâm cố để đc như ni nghen', 'Văn Hòa\nviết cho m chứng nhận cho r', 'Ánh Ti hahaa nói nhỏ thôi trời ơi', 'Đ. Thảo Phạm Thị Thu Vân mai check in', 'Thanh Vân ai des backdrop này đẹp quá chị ơi', 'Trần Thị Minh Nguyệt đang đi tình nguyện chưa up được']",50236,"Thứ bảy, 6 Tháng 1, 2024 lúc 17:20",53
['Đường về nhà là vào tim ta '],"['Tất cả, 110', 'Haha, 65', 'Thích, 42', 'Buồn, 2', 'Yêu thích, 1']","['Quyết thi xong mới dề, chứ dề học đ đc gì =)))', 'Trần Lê Vy', 'Dinh Khanh Linh kh được dụ dỗ ta mà', 'hí', 'nghỉ đi, rồi bị đánh vắng mấy buổi, qua tết méo cho thi cái toang lun']",51347,"Thứ bảy, 6 Tháng 1, 2024 lúc 16:11",5
"['CÔNG THỨC TÍNH ĐIỂM NHẢY \n (Điểm TB Học kỳ x Số tín chỉ trong kỳ) / Điểm số theo thang 4.0\n- Điểm TB Học kỳ: điểm tại thời điểm xem. Ví dụ hiện tại tui vào xem được 0.8 (khả năng vừa nhảy 1 môn và vì sao thì tui sẽ giải thích)\n- Số tín chỉ trong kỳ: Kỳ vừa rồi bạn có bao nhiêu tín (nếu mà bạn nộp bằng tiếng anh pass điểm thì không tính vào công thức này, thể dục cũng vậy)\n- Điểm số theo thang 4.0: Ví dụ A thì được 4.0 và B thì được 3.0\nGiải thích công thức theo cách dễ hiểu như sau (lưu ý vào xem thường xuyên để tăng độ chính xác)\nNhư ví dụ hôm qua tui đang là 0. và hôm nay vừa lên 0.8; chính vì tui vào xem thường xuyên nên tui đoán vừa nhảy 1 con. Và kỳ vừa rồi có 5 môn tương ứng 15 tín. Áp dụng công thức như sau:\n0.8 x 15 = 12\nVà vì mới nhảy 1 con nên điểm của tui hiện tại con đầu tiên là A. Theo tình hình thi thì đoán đó là môn …\nKhi nhảy con thứ 2, ví dụ nhảy lên 1.2; áp dụng công thức tính được: 1.2 x 15 = 18, và trừ đi 12 ở con đầu tiên sẽ được: 18 - 12 = 6.\nVậy 6 sẽ tương ứng với con C (vì mỗi môn 3 tín mà)\nTương tự và tính vậy thôi.\nVới những người đã nhảy 2-3 con thì tự tách số ra. Ví dụ nhảy được 1.8 x 15 tín = 27. Suy ra có thể có những trường hợp như:\nA A D\nA B B D\n…\nDựa vào tính hình thi của mình rồi đoán thôi. Chúc các bạn tính thành công ']","['Tất cả, 251', 'Thích, 184', 'Haha, 40', 'Buồn, 16', 'Yêu thích, 7', 'Wow, 3', 'Thương thương, 1']","['DUE Troll mình có 5 môn 3 tín và 1 môn 2 tín\nvà điểm nhảy 2 lần, lần 1 là 0,71 và lần 2 là 1,24. Tính tính giúp mình với ạ.', 'Đan Lee mình nghĩ bạn đang có 1 con A, 1 con B', 'Đã học đến năm cuối nhưng t chưa dám đọc cái cách tính ni\nđợi điểm nhảy dần dần cho hấp hối..\n.. à nhầm hấp dẫn', 'Hạ Tâm ok chị ơi.', 'anh chị ơii điểm nhảy là điểm gì vậy ạa, em đọc em kh hiểu thiệc', 'Phan Thị Hồng Anh điểm nhảy về học lại đóa', 'Dương Hải', 'Văn Hòa em không tính kiểu ni. Mà dừ em cũng ko nhớ e tính kiểu chi nữa', 'Hồng Duyên aiu', 'Sen 4chấm chia đôi:((', 'Lệ Thu anh chắc D quá bé ơi', 'Hồng Duyên chứ còn ai vào đây', 'Hồng Duyên D hay Duyên', 'Lệ Thu con D trong A,B,C,D á elm', 'Hồng Duyên ò ò', 'Thái Phi dô tính', 'Ngân Lê đau đầu quá, đợi điểm', 'Thái Phi mong tết đc ăn ngon', 'Ngân Lê thôi thì chắc tết này ngon đó', 'RỚT MÔN!', 'Thuỳ Dương đọc đi xí t dò bài', 'Minhh Thư hắn sợ ngủ k đc mà còn dò bài hả', 'Trần Lê Ngọc Trân hắn yếu nghề s á', 'Minhh Thư quá đủ rồi', 'Nguyên Nguyễn :))))', 'Bảo Bảo Gia Gia check chưa', 'Phan Thị Thục Anh chưa :((. Tính này làm j bằng excel tính :)))', 'Lê Châu coi như t ko thấy', 'Khanh My tự dưng mờ mắt k thấy gì cả m ơi', 'Lê Châu uk hắn mờ mờ', 'Khanh My chắc hoa mắt ớ. Cta nên nghỉ ngơi thoi', 'Lê Châu ngủ cho đỡ sợ', '??', 'thử coi bước nhảy xem, nhảy lên, nhảy xuống là đoán điểm được ngay mà :))', 'Thùy Nguyễn\nđó chỉ là quá khứ', 'Hươngg thả đây', '?', 'Mn ơi cho tui hỏi cách coi điểm bị thay đổi hay sao ạ, tui bấm vào “tra cứu điểm ct 1” nó hiện ra như này, bấm ở đâu để coi điểm ạ', 'Nguyễn Phạm Diệu Hiền Uyên My Bùi Thị Phương Trinh', '?', 'Hữu Nhân nè fen thích nhảy cha cha cha dô giải thích cho bạn :)))', 'Tâm Trần đọc chả hiểu gì :))', 'Hữu Nhân khó hiểu ngang ngửa vĩ mô chứ đùa', 'là do t khờ hay gì mà t thấy khó hiểu như lúc t được giảng về chơi hụi dị ta', 'Thu Lý ib để lina tính dùm cho', 'Nguyễn Bích Ngọc you viết bài này hả=))', 'Hồng Hà không hiểu buộc hiểu', 'Thu Thủy đợi nào họ nhảy gấp 4 mình rồi nghĩ', 'Diệu Linh thì ra nhảy điểm là như nàyyy', 'NL Mỹ Nguyên đến rồi', '???', 'Hoàng Oanh Quyền Diệu ảo giác :))', 'Phương Trinh mặc dù đã tốt nghiệp nhưng vẫn ko biết cách tính nha', 'Hồ Mạnh Hiền gửi qua tính dùm cho', 'Tú Quyên Quynh Le Ngoc vô tính điểm nhảy liềnn', 'Thuy An thôi thì đợi điểm luôn vậy', 'Tran Nghia Anh Khoa Hoàng Trang mời tính :)))', 'Phuong Anh Ho mịa vô coi nhảy 1 lần 0.27 tính thế éo nào được', 'Ti Na tự nhiên cái ngựa vô tính thử xong sợ ma quá', '29 suy ra mấy trường hợp đi bà :))', 'Thủy Tiênn có thể A A D C', 'Ti Na dume vd mới vô 3 môn đc ko, chớ có D tui hoảng quâ', 'Ti Na ngựa vô coi làm chi chắc mai đi chơi ko nổi', 'Thủy Tiênn chưa nhảy xong đâu đừng lo', 'Trần Thị Nhã Uyên tính điểm quá dễ dàng với excel', 'Trần Thị Lê Na để hỏi xem ai cần công thức hong', 'Tính điểm thi mà cứ AA BB như tính gen lặn với gen trội vậy, áp lực xỉu', 'Ủa mng ơi e đọc lui đọc tới vẫn chưa load đc ấy ạ\ncụ thể điểm nhảy là ntn, có ảnh hưởng gì đến kqu mình ko ạ', 'Mai Hiềnn bà viết đúng không', 'Thảo Linh Phan Quang Vũ vô tính dùm b', 'Đức Hưng tui kêu bạn 3 con A mà bạn còn k chịu', 'Thảo Linh vẫn chưa hiểu', 'Đức Hưng 3.9 ko nói nhiều', 'Vũ Hà My', 'Lee Trinh đây đây', 'Hà Võ', 'Vân Nhi hiểu k hồi tính giùm t với m', 'Hông hiểu thì cmt dưới bài này tui tính cho =)))', 'Lệ Thu 4.0 thẳng tiến chưa bé', 'Nhi Lê kinh nghiệm sinh viên 4.0 cho hay', 'Thôi tính làm gì =)}}} biết sớm hay muộn cũng vậy à, mất hay ko mất tết']",52273,"Thứ Sáu, 5 Tháng 1, 2024 lúc 21:12",81
['Mắt không thấy tim không đau '],"['Tất cả, 112', 'Thích, 52', 'Buồn, 34', 'Haha, 25', 'Yêu thích, 1']","['Nhảy 1 lần luôn được k , bữa chừ đau tim mấy lần r', 'Sao điểm của e k nhảy, vẫn 0.000', 'Nguyệt Hàn Băng c ơi điểm ko nhảy là có bị sao k c', 'Nguyễn Thị Thúy Hà k sao á e do họ chưa nhập thoi', 'Phan Xuân Triều Tran Phuoc Anh cứuuuuu', 'Thày vì trùm lưới lên đầu, s e k mang tất lưới ra cầu Thuận Phước? Lấy lỗ làm lãi liền e ơiiii']",52829,"Thứ Sáu, 5 Tháng 1, 2024 lúc 20:00",6
['DUE-er được nghỉ Tết 3 tuần liền (29/1 -18/2)'],"['Tất cả, 285', 'Thích, 203', 'Buồn, 56', 'Yêu thích, 15', 'Haha, 9', 'Wow, 2']","['Thông báo chi tiết', 'DUE Troll chính la em', 'Phạm Thị Thu Vân tự cho phép nghỉ 1 tháng', 'Minh Ngọc', 'Uyên Trúc Trà', 'Võ Ngọc Thanh Hoài\nxiuz đùng', 'Queo', 'Adam Em đã bảo là 29 mà :)))', 'aigooo :)) anh tệ thật ấy chứ', 'Hồi xưa nghỉ tết 3 tháng lận chứ 3 tuần ăn thua gì', 'Dương Gia Huân đúng đúng. Nghỉ riết xong quên mất là mình đag đi học luôn', 'Trang Phan thua t tau nghỉ hơn tháng lận', 'Ngọc Châu Đặt vé 22 về =))', 'Trang Phan 30 rồi về 22 sớm quá', 'Thanh HiềnPhạm Thị Thu Thảokhông mấy về quê nghỉ tết luôn hông', 'Thông báo chi tiết !!! http://due.udn.vn/.../thongbaochitiet/id/18395/bid/456...', 'Có thể là 1 tháng nếu bạn đặt vé về từ 18/1', 'Nghỉ zữ mấy bạn']",53601,"Thứ Sáu, 5 Tháng 1, 2024 lúc 11:37",18
['Điểm an toàn \nĐón Tết an lành'],"['Tất cả, 271', 'Thích, 152', 'Yêu thích, 61', 'Haha, 46', 'Thương thương, 7', 'Buồn, 5']","['Độ con', 'Võ Bích Đào check điểm chưa, coi có nhảy ko', 'Tess Diệu đợi ra hết điểm r check/mày biết r mà', 'Phước Nguyễn em thấy em hơi lạnh r', 'Thanh Sang anh cũng vậy mà em']",54411,"Thứ Năm, 4 Tháng 1, 2024 lúc 20:46",5
[],[],[],55202,
"['Trong lúc mọi người đang không biết trường mình nghỉ tết từ 22/1 hay 29/1, tôi đặt vé về quê từ 14/1']","['Tất cả, 308', 'Haha, 185', 'Thích, 108', 'Buồn, 12', 'Yêu thích, 2', 'Wow, 1']","['Lớn r tự giác', 'Có được hân =)))', 'Thùy Linh đặt vé chưa', 'Khánh Dung chưa mà sắp hết slot r', 'Thùy Linh chắc là 29 mới nghỉ r đó, mà 29 t2 r thì tầm 26-27 về', 'Nguyễn Thị KiềuAnh tự giác điii', 'Le Anh Thu kỹ năng tự giác này quan trọng nhất rồi', 'Duong Hoang Oanh gục ngã', 'Diễm Quỳnh tính ra ko ai qua bà', 'Chi Phạm tưởng idol chạy show k á bà ơi . 31/12 zề rồi', 'Mỹy Hạnh hahahha bởi ai qua', 'Chi Phạm Mỹy Hạnh chạy KPI cuối năm á bà =)))', 'Hoàng Mi lẹ leenn ko hết vé kk', 'mình phải tự giác thôi kkk', 'Hoàng Trà chốt 15 đi', 'Phạm Thị Mỹ Ly đặt 16 r', 'tôi ở đây là Kimm Oanh + Phương Thảo à ¿', 'Thùy Nhung Lê xin lỗi chớ t hơi bị chăm học', 'Đặng Hồng Dung Kim Chi Phương Nhi Mỹ Hương tự giác', 'Thảo Ly lớn rồii', 'Đúng đúng, lớn rồi tự giác lên', 'Nguyễn Thị Trà My tự giác thôi, thi xong bắt xe dề', 'Lê Hữu Truyền', 'Thái Mai Hoa book studio chụp tết nhanh để về:))', 'Võ Thị Ngọc Linh dạ :))', 'Hom ai khác là Đặng Hường :(((', 'Kiều Trinh chắc t cũng rứa quá :))', 'Phương Anh Tôn Nữ dù reng t cũm quen ở 1 mình rồi', 'Kiều Trinh ai ai mới là người hay ở một mình :))', 'Minh Diệu tự giác á bà=)))', 'Bảo Trâm về thôi', 'Hương Hà Sương chính chị', 'Lee Hong Nhungg tui còn chưa đặt đâuu nhaa, về cái học tiếp có mất Tết à', 'Em đặt ve 18/1', 'Thương Ngọc My Phạm đặt đại rồi về với mẹ iu thôi', ""K' Tuyết hzzzzz tôi phải dời vì vắng 1 bủi trừ 1 đỉm"", 'Quý Đạt cho 1 vé ngày 7/1 nha', 'Trần Đức t về nghỉ tết bữa chừ r', 'Cuối tuần ni về luôn đc ko chơ nhớ nhà quá', 'Nha Uyen tôi cũng muốn', 'Pass sách cùng Phạm Hưng Nguyễn Thúy Hằng', 'Trong lúc mn quan tâm đến lịch nghỉ Tết thì t 46K bắt xe về quê từ trước Noel, và không cần quan tâm đến lịch nghỉ', 'Thi Anh Thôi hết tuần về:))', 'Hiền My hay z quá, mai về luôn đii', 'Trịnh Thành Long', 'Cao Linh Chi về quê thôi chy', 'Phạm Khải t với m về từ giờ là hợp lý', 'Cao Linh Chi ở đây k chứa chúng ta', 'kệ i']",55892,"Thứ Tư, 3 Tháng 1, 2024 lúc 19:31",49
['Lịch thi cá nhân đã được cập nhật trên Web trường !!!'],"['Tất cả, 145', 'Thích, 127', 'Yêu thích, 15', 'Buồn, 3']","['Trần Thị Hương lịch thi chill lắm', 'Trần Thị Hương sinh nhật vui hay k tuỳ thuộc vào toán', 'Mai Trâm', 'Ngọc Hà', 'Anh Thư Thu Hà Ngọc Trần Nguyễn Bảo yeeee', 'Lê Lê Tuấn Hải :)))) có đin hok', 'Lê Lê Tuấn Hải mài coi phim quá mài đin ròiiii', 'Lê Lê Tuấn Hải Kao ám ảnh á', 'Đi ôn bài thôi Hoang Anh Bùi Nguyễn Ái Vy Thành Đạt', 'Ngô Như Quỳnh tối ni ở thư viện nghe', 'Đăng nhập -> Trình đơn cá nhân -> Tra cứu lịch thi học kỳ -> Kỳ 1 23-24 là ra nhennn', 'Mắt không thấy tim không đau:))', 'Phan Thị Minh Châu sáng 18 thi toán', 'Phan Thị Minh Châu mất tết luộ chứ còn sinh nhật gì nữa:))']",56563,"Thứ Tư, 3 Tháng 1, 2024 lúc 16:57",14
['49K cứ ngỡ thi đại học là cuộc chiến khốc liệt nhất cho đến khi đăng kí tín chỉ '],"['Tất cả, 229', 'Haha, 92', 'Buồn, 68', 'Thích, 65', 'Yêu thích, 3', 'Wow, 1']","['kh thở nổi là có thật', ""Oui c'est ca, le service est indispensable chứ\nTrâm Huyền"", 'Tuong Quang chú dạy con Toeic, mà s chú dùng tiếng Pháp để trò chuyện vs con v, thật bất cônggggg :((', 'Trâm Huyền đâu từ này tiếng anh mà', 'Tuong Quang kiến thức này xin đc phép tiếp thu ạ hihi', 'Trâm Huyền\nthiết yếu kakaks còn indisponible là không vô được kakaka', 'Trâm Huyền cong nhể, người này dáng quen', 'Y như cách tui thi đại học', 'Như Yến', 'Hồng Hà run hơn lúc thi đh', 'Như Yến ngồi cứ nam mô a di đà lạt', 'Hồng Hà thế mà kh qua nỗi kiếp nạn GDTC', 'Kh hồi kết :))', 'Viet Anh hôm sau làm lại:>>', 'Ung Yến Vy tự nhiên thấy c cũng dưỡng thê :333', 'Mỹ Diệu chứ bth kh dưỡng thê hả :))', 'Ung Yến Vy hay dưỡng thê hơnnnn', 'Ko nhầm môn thì cx bthg thoi', 'Như Ý Hoàng xaoo cậu bỏ tôi học CL 1 mìnhhhhhhh', 'Nguyễn Quỳnh toii khom nhầm thì toi cũm ko bỏ cậu huhu', 'Võ Thị Kim Ngân ấy ni đầu xuôi đuôi lọt mà hơi ấy nha ấy', 'Hoàng Ngân t đã thực sự gục ngã\nbất lực á', 'Mỹ Đức hơn cả thi ĐH kìa:))', 'Nhung Lê khóc mấy hồi :)))', ':))) Nhi Trần', 'Nguyễn Châu Thất học :(((', 'Đki đc rồi hủy thì cx bth th', 'Nguyễn Ngọc NhưYs rì viu đi nèo', 'Thảo Ly chill 6p 3 môn kakakaka', 'Biết z khỏi canh =)))', 'Biết trước thì ngủ cho rồi', 'Nói chum là c-cũng nhàn...', 'ai đổi gdtc 2 td nu 13 với vvn 01 k', 'Trần Thị Hiền thấy cũng may mắn kk', 'Khoi Pika nay có cả tiếng Pháp sao mình ko bik nhỉ =)))', 'Trễ có 30s mà sao nó hay zị', 'Diệu My Trung Hiếu Nhi Hoàng Lê Nhi Bảo Ngọc quá khốc liệt', 'Quỳnh Như tôi mạnh mẽ, tôi tự tin, tôi làm được', 'Quỳnh Như gọi tôi là gì', 'Diệu My dịu ơ', 'Nguyễn Trần Trung Hiếu vãi nghệ', 'Lê Nguyễn Quỳnh Nhi ghê gớm quá rồi', 'Diệu My ông xã ông xã ông xã', 'Nguyễn Trần Trung Hiếu học hư a long rồi', 'Lê Nguyễn Quỳnh Nhi mới ting ting cho ẻm gòi', 'Nguyễn Trần Trung Hiếu 10 năm nữa tháng nào cũng ting ting cho ẻm mà, làm trc đỡ bỡ ngỡ iem', 'Lê Nguyễn Quỳnh Nhi rứa sau 10 năm mình là j của nhau', 'Lê Nguyễn Quỳnh Nhi 10 năm hơi xa , sang năm ii', 'Nguyễn Trần Trung Hiếu hay v quá', 'Quỳnh Như chủ nợ hay là zk iu', 'Nguyễn Trần Trung Hiếu', 'Đăng kí tín chỉ còn ghê hơn thi đại học =))', 'Nhật Ny Hoàng Ngọc Thuỳ Linh thỳ ý là không muốn lộn mèo g cũn phải lộn mèo s', 'Mai Yến Nhi ý là hắn k cho t vô web để đki dù là 1 tín luôn á m', 'Hơn săn sale shoppe nữa bây ơi', 'hơn 1 tiếng đ được môn nào', 'My Chi Ly Châu gọi tôi là gì !!?', 'Hoàng Ánh Ngọc anh longggg', 'My Chi ông xã đời m chơ', 'Hoàng Ánh Ngọc bà xã', 'Gia Linh hz', 'Nguyễn Thị Tuyết My cục sống mà', 'Nguyễn Hoàng Nhung sao quen dữ', 'Lan Vy Như Quỳnh Dương Huyền Thư', 'Diệu Linh Phan iuu chuỵy nhứtt', 'Lan Anhh Lê b trả công cho toi đii', 'Phương Nhi Thi Minh Hiền Diệu 5 chục nhá :))', 'Đặng NhưÝ mùa xuân sang có hoa anh đào:))', 'Đặng NhưÝ sao mà hay tiền bạc quá', 'Hiền Diệu thời buổi kinh tế khó khăn thông cảm đi ạ', 'Đặng NhưÝ tình nghĩa chị em chúng ta đáng giá 50k th hả chị:)))', 'Thi Minh vậy thì 500k đi Đặng NhưÝ', 'Thế chốt giá 500 cành mỗi đứa nha', 'Đặng NhưÝ Phương Nhi này thì 500k:)))', 'qua thời đki tín chỉ, mà đki giùm 49k nhìn lịch học căng mắt quá Minh Minh\nhọc lsđ triết cnxh 1 lần, chắc t chầu trời ớ', '49K ngủ quên hả\nSao đky mướt rượt z Nguyễn Quỳnh Như =))', 'Trần Văn Vũ bởi vì có anh Vũ chống lưng ạ']",57270,"Thứ Tư, 3 Tháng 1, 2024 lúc 08:16",77
['Trắng tinh tươm '],"['Tất cả, 150', 'Buồn, 60', 'Thích, 55', 'Haha, 33', 'Yêu thích, 2']","['Lê Ngọc hẹn đki chung lớp mà nó lạ lắm', 'Lê Ngọc bùn', 'Vẫn mượt như ngày nào =))', 'Trân Châu Tuấnn Đạt Đoàn Trung', 'Trắng phau phau', 'Nát f5 cũng không được…', 'Nguyễn Vy ổn mak', 'Cẩm Quy t ko cíu nổi m', 'Phạm Hương Trà đừng đừng t dị', 'Giống y của t hq lun', 'cíu', 'An Tô', 'Phương Trinh trắng quá rồi sao đây', 'Tuyet Trinh có trắng bằng đường tình iu của c khum???', ""Anh ổn't"", 'gặp nhiều rồi h bớt gặp lại đi :))', 'Kiên trì f5 là được:)']",58309,"Thứ Tư, 3 Tháng 1, 2024 lúc 08:07",17
"['49K đã dậy hết chưaaaa\nLần đầu làm chuyện đăng kí tín chỉ chắc còn bỡ ngỡ, không sao đâu, sẽ như ảnh dưới đây thôi ']","['Tất cả, 208', 'Buồn, 78', 'Thích, 69', 'Haha, 59', 'Yêu thích, 1', 'Wow, 1']","['Như săn vé BornPink vậy chời', 'Web sập sáng giờ :((', 'Vnua cx hân hạnh tài trợ chương trình đk tín chỉ với chiếc web sập từ 7h30 đến 24h00 . Thậm chí sever hết mịa ngày', 'Liên Trương Trúc Linh Nhung Vo Trần Như ra trường bao năm rồi thấy cái ảnh tui cũng ớn ngang ớn dọc kkk', 'Hạnh Nguyên hên là vẫn kịp ra trường đúng hạn :))', 'Ngô Thu Thảo k là vừa bồng con vừa học r', 'Hạnh Nguyên ớn ăn', 'Linh Giang nỗi ám ảnh của Linh Giang', 'Phương Nhi Vann Anhh Bảo Nguyên Tran Anh Quan Huân Nguyễn chúc mấy đứa may mắn', 'Đặng NhưÝ c đừng trù e', 'Huân Nguyễn chị vẫn còn nhớ cái Ylisa của em với con VAnh lắm', 'Đặng NhưÝ sợ c ơy', 'Vann Anhh sợ×100000', 'Vann Anhh hỏi Phương Nhi cảm giác chưa tới giờ nhưng web đã sập thử đi', 'Đặng NhưÝ ko sao c', 'Tran Anh Quan hy vọng xíu nữa tinh thần em vẫn còn lạc quan được như ri', 'Cao Huyền46k cũng lần đầu bỡ ngỡ', 'Cao Linh Chi còn 49k thì ngồi nhìn và cười', 'Thùy Trang', 'My Duyen đừng', 'Nguyen Thi Thanh hâh gdtc', 'Giang Kim revieww đi', 'Lệ Hằng ko sao mình có ae tốt', 'Nguyen Thuc Anh Hoàng Uyên lần đầu tiên', 'Võ Hồng Hạnh nchung là tôi ổn’t', 'Mai Thị Thúy Hồng ren r', 'Thái Minh Gia Nguyên ổn áp ròii kkk', 'Phương Lê nhớ mấy quả đăng ký xong đi bán slot ko =))', 'Hoàng Vũ toi chỉ nhớ toi đki slot dùm cho pác thoy :)))', 'Phương Lê\ntôi thì cay mấy thằng đăng ký xong đi bán lại', 'Hoàng Vũ tại bác k bán :)))) răng trách ngta được', 'Hạnh Nguyên 49K r tề, 42 quá lứa hung r']",59000,"Thứ Tư, 3 Tháng 1, 2024 lúc 07:30",32
['Mỗi ngày đến trường là một bất ngờ mới '],"['Tất cả, 219', 'Haha, 116', 'Thích, 77', 'Buồn, 19', 'Yêu thích, 6', 'Wow, 1']","['Ngọc Bình Thu Phương quen ghê )))', 'Thanh Dương thầy X giấu tên', 'Thái Phi ????', 'Ngân Lê ủa', 'Nguyễn Hà Nam Trân up cái ava lên', 'Trần Lê Thanh Huyền thích ẩn náu trong bóng tối được k', 'Nguyễn Phương Thảo quen k', 'Thư Thư có khi là đó đó..', 'Nguyễn Phương Thảo tui bk ai luôn', 'Lê Trang này k đi học giúp dc gòi', 'Trần Giang quá ghê gớm', 'Nguyen Nhat Linh ta bít ai ròu', 'Thùy Linh ai m', 'Ngoc Thu Nhìn là biết ai rồiii', 'Kim Chuyên ngừ wen ngừ wen', 'Tườngg Vy Ngọc Ánh Trâm Thùy giới thiệu đi em', 'Diem Quynh Ngọc Ánh\nlà', 'Tườngg Vy', 'NH Kim Hoàn thật sự là mình rất may mắn lun á', 'Nguyệt Thu để t up dùm m', 'Hà Nguyễn giỡn mặt r đó', 'Trần Trâm Phan Thị Lan Anh Nguyễn Trang Bảo Ngân trg mk cs cji ms nè', 'nghe đồn HHà Mii mê chữ ê kéo dài Lê Tường Vy Nguyễn Hiếu', 'Trương Thị Hoàng An mê thiệt\nMà kh được gặp', 'may quá t sài được photoshop:)']",59642,"Thứ Ba, 2 Tháng 1, 2024 lúc 20:37",25
[],[],[],60218,
['Chưa thể tin nổi hôm nay phải đi học'],"['Tất cả, 122', 'Thích, 66', 'Haha, 32', 'Buồn, 24']","['huhuhu', 'Vâng']",60676,"Thứ Ba, 2 Tháng 1, 2024 lúc 07:25",2
"['Hình ảnh giấc ngủ bình thường của DUE-er, cụ thể là các bạn 49K ']","['Tất cả, 218', 'Buồn, 83', 'Thích, 69', 'Haha, 65', 'Yêu thích, 1']","['Thảo Ngọc học pài ngayyy', 'Phạm Hương cíu tui tr oi cíu tuiii', 'Phạm Hương 0h đi hỏi cách đki tín chỉ khổ ghê nơi', 'Tống Cẩm Quỳnh t bày hết hơi r á', 'Phạm Hương bởi hỏi cái giờ j hoàng đạo dễ sợ', 'Tống Cẩm Quỳnh Phạm Hương hê hê vẫn nà hoang mang', 'Hồ Như ngủ ngonnn', 'Thanh Phương ngủ mà mơ ra ktvm với triết là chị Phương tự hiểu', 'Hồ Như kh sao kh sao, thi xong là nghỉ Tết rồiii, nghĩ z đi cho duiii', 'Valt Đặng m đúng k', 'Tường Vi chắc phải dùng cách n thôi', 'Ha Luyenn coi mà áp dụng cho rồi', 'Nguyễn Hoàng Oanh đang chuẩn bị đạo cụ đây', 'Nguyễn Hương Giang', 'Vu Ngoc Mai Hoàng Ngân Thanh Tâm chắc còn cách ni bây ơi....', 'Le Quynh Huong cạo lấy gốc xong chưa', 'Le Quynh Huong chỉ 1 đêm là đủ', 'Thanh Tâm cách dành học bổng trong 1 đêm', 'Nguyên Hạnh chúc em may mén', 'Linh Phuong', 'Hồng Nhung nhanh đi e', 'Tâm Seol lưa có 1 cấy nựa haha', 'Trần Đại Dũng nạp chưa', 'Lê Vĩnh Diện từ từ á. Nốt hôm ni', 'Lê Vĩnh Diện nạp khoảng mấy ngày eng hè hahah', 'Trần Đại Dũng 14.1 rồi nạp hi', 'Lê Vĩnh Diện oke', 'Ploy Khanasa', 'Truyền được 5p thì phải xem tóp tóp vì đầy bộ nhớ', 'Ưu đãi tháng\n-\nGiới thiệu bạn mở thẻ tín dụng Sinh Viên nhận tiền thưởng nóng lên đến 250k\nKhi giới thiệu thì nhớ báo trước Việt, không tự ý hướng dẫn bạn đăng ký hồ sơ sẽ mất nhận thưởng.\nGiới thiệu 2 bạn đầu 150k, 2 bạn tiếp theo 200k, từ bạn thứ 5 trở đi 250k\nLiên hệ cho Việt - 0914 37 6465\nHỗ trợ sinh viên toàn quốc, sv Đà Nẵng càng tốt\nDuyệt hồ sơ trong 30p', 'Vâng']",61347,"Thứ Hai, 1 Tháng 1, 2024 lúc 20:00",31
['Chúc như ảnh \nHappy niu diaa'],"['Tất cả, 171', 'Haha, 64', 'Thích, 59', 'Yêu thích, 45', 'Buồn, 3']","['DUE Troll mất giọng rồi ad', '', 'Thùy Linh tổng lại là 1 năm như quầnq :)))', 'Chúc các bạn đi cao đao sớm về tới nhà']",62441,"Thứ Hai, 1 Tháng 1, 2024 lúc 00:00",4
[],[],[],63321,
['Trời mưa chưa kịp đi chơi lun á '],"['Tất cả, 227', 'Buồn, 94', 'Thích, 84', 'Haha, 46', 'Wow, 2', 'Yêu thích, 1']","['Linh Khánh quá đãaa', 'Phạm Thị Thanh Lam đang hạnh phúc thì buồn ngang', 'Trang Phan học đi', 'Ngọc Châu Chưa thi nữa', 'Trang Phan thi đi mà nghỉ tết', 'Hà Nguyễn Đoàn Thị Hiếu chúc 2 bé zui', 'Minh Thùy buồn của hà', 'Hà Nguyễn zui zẻ tận hưởng cuộc sống nha', 'Ngọc Bình 4 ngày nx mình bán mình cho tư bản (((', 'Thanh Dương m để t nghỉ lễ yên coyyyy', 'Ngọc Bình t thấy m cx pải thays', 'Ngọc Bình M đừng xợ mà hãy wen ik vì m còn gặp Dù ở chốn tư bản đó nx hihi', 'Pham Ngoc có thấy hong, seo mà cố chấp quá', 'Tâmm Tâmm quá mợt', 'Phạm Ngọc học đi cho khỏi nợ môn', 'Tâmm Tâmm chăm chỉ', 'Ngô Lưu Thanh Nguyễn Trần Hồng HảiLê Ngọc Ánh đã mua tài liệu chưa', 'Yến Nhi mới có thống kê pass th...', 'Nguyễn Trúc Mai sắp hết 1 ngày r kìa', 'Trần Huyền Thở lẹ thở lẹ', 'Dự báo thời tiết: mưa cho tới hôm đi học mới nắng', '-Trạm bia 07 cần tuyển phụ bếp\n-Giờ làm : 16:00-23:30\n-Lương 5.000.000-5.500.000/ tháng\n-Yêu cầu : Thật thà,nhanh nhẹn, có kinh nghiệm phụ bếp.\nQuan tâm ib hoặc gọi sdt 0366445585\nĐịa chỉ : 07 Nguyễn Hữu Thọ\nCòn tus là còn tuyển nha']",63830,"Thứ Sáu, 29 Tháng 12, 2023 lúc 20:28",22
['Mấy bạn thi Thống kê ca 2 sáng nay kiểu:\nĐề lẻ:\n\nĐề chẵn:'],"['Tất cả, 412', 'Thích, 162', 'Buồn, 146', 'Haha, 98', 'Yêu thích, 3', 'Wow, 2', 'Thương thương, 1']","['Tâmm Tâmm m đề chi ku', 'Nguyễn Mỹ Dung ê m mần đc ko?', 'Nguyễn Thị Hà An xời xời, A nhá', 'Nguyễn Mỹ Dung mới thi mà biết điểm lun đc à. Đỉnh đỉnh.', 'Nguyễn Thị Hà An còn phải lói', 'Ngọc Oanh', 'Nguyễn Vy đề mô z', 'Chương Hân lẻ', 'Hồ Hồng', 'Hải Vân cấp cứu', 'Diệu Huyền cấp cứu cấp cứu t', 'Quỳnh Oanh A chhh', 'Anh Truc là lẻ dữ chưa', 'Tường Vy', '', 'Ly Na ổn ko em', 'Quỳnh Hương 3 sound là thấy ổn rồi', 'Trần Đức Duy Anh nhớ quá =)))', 'Đỗ Huệ Tâm ám ảnh cuộc đời', 'Thùy Nhung Lê đề nào', 'Nguyễn', 'Caryam Trương chị em chung số phận\n?', 'Hoàng Vy Lê c ổn k', 'Yến Phan hong', 'Nguyễn Hạ', 'Tường Vy Lan Huong Nguyen ổn k 2 cô gái', 'Thảo Ly sắp ngủm r chị', 'Thảo Ly chìm lun r chị iu', 'Minh Thư iem ns gì đi :))', 'Nguyễn Phan Thanh Thảo buồn của Minh Thư', 'Nguyễn Như Ýy m đề mấy :))) còn sống ko em', 'T. Ngô Hoài Ngọc dạ ổn áp chị:))', 'Nguyễn Ngọc Bích hãy phát biểu cảm nghĩ của bạn', 'Nhật Ny chếc tâm rồi đừng hỏi', 'Gia Bảo Trương', 'gục ngã Phương Thảo', 'Khánh Trâm bạn có như dị k', 'Phương Thảo đề nào cũng dị', 'Nguyễn Thị Minh Thảo mình ca 1 =))', 'Hồ Ngọc Hà My hong biết có giống hân=)))', 'Nguyễn Thị Minh Thảo thoi cứ slay trước =)))', 'Hồ Ngọc Hà My qua gòi cho qua luôn đi=))))', 'Minh Anh ổn k :)))', 'Nhi bảo sao mù, đem tập đề 50 tờ vào không có câu nào', 'Thu Giang sao r hai ơi', 'Bảo Hân gãy', 'Thống kê đã là gì:v', '..', 'Dốt dốt Lê Văn Đức Tiến Lê Quang Hiển', 'Khánh Nguyễn tối thắp hương kêu ông bà độ lẻ r mà', 'Trần Thị Bích Tuyền xỉu', 'HT Thu Thuỷ thở oxi', '', 'Doan Thuyen thì ra là dị hả', 'ỗn', ""Đinh Hồng Phượng ổn't"", 'Như Thắm đau đớn', 'Van Nguyen Thuy', 'Thu Hương Nguyễn tư thi ca 1', 'Minh Diệu\nt ỗn', 'Ca 1 cũng v mà', 'Đào Hoa Quỳnh Như haiz hết cứu r b', 'Thuy Linh hết cíu', 'Tuyên Phan khók', 'Hà Như Tuấn cũng dễ bạn không thấy khó cho lắm', 'Khánh Hà b đề gì ^^', 'Thục Nghi tui số đề ^^', 'Quỳnh Như tụng kinh niệm phật dùm t :)))', 'Lê Phương Thảo Tệ', 'Nguyễn Thị Hòa seo bạn chẵn hay lẻ', 'Le Viet Bang Tram', 'Nguyễn Lê Thành Linh số bạn chẵn hay lẻ', 'Duyên Đặng đời bạc bẽo nên nó vào chẵn :((', 'Quô Quỳnh Phạm', 'Ngô Hiền ổn khom iêm', 'ổn’t', 'Cẩm Tiên Đoàn đề R2 dễ', 'Nguyễn Ngọc Đức b niệm r', 'Cẩm Tiên Đoàn b ôn kĩ z mà', 'Nguyễn Ngọc Đức kĩ wp thì có', 'Thư Lê khócc', 'Diễm Quỳnh cũng thi chung mà lạ quá cậu…', 'Win Nguyễn', 'Diễm Quỳnh nói chung là vậy…', 'Nguyen Thi Kieu Anh em ổn chứ', 'Hạnh TrầnnKhánhh Hằnggg', 'Hà Đào khok tiếng choá', 'Xem thêm bình luận', '50/76']",64913,"Thứ Tư, 27 Tháng 12, 2023 lúc 10:45",89
"['Học thì ấm cái đầu thôi. Nhưng thử đắp chăn đi ngủ mà xem, ấm từ đầu đến chân']","['Tất cả, 229', 'Haha, 141', 'Thích, 78', 'Buồn, 8', 'Yêu thích, 1', 'Thương thương, 1']","['Hồng Mỹ', 'Thanh Tâm Đỗ lớnn r phải chiến thắng bản thân mà giựt hc bổng', 'Phan Võ Thanh Tuyền ngủ thôiii', 'Nhung Lê Anh Truong The', 'Lê Nhung Ảo giác đó. Bạn đang mơ thôi', 'Ăn xong rùi ngủ thì lại ấm luôn cả bụng :)))', 'Bảo Ngân rốp rẻn đi ngủ th', 'Thanh Trúc Đoàn rốp rẻn từ nãy luon roi high', 'học nó k chỉ ấm đầu mà còn ấm cái bảng điểm', 'Nguyễn Thị Thanh Bình cháu Bình đã có time sv kinh điển nhể', 'Học lại thì ấm thận:))']",65584,"Thứ Ba, 26 Tháng 12, 2023 lúc 23:14",11
"['Vào một buổi tối đẹp trời, không khí se se lạnh cực chill nên tui đã quyết tâm học bài để giật học bổng trở thành con ngoan trò giỏi, niềm tự hào của bố mẹ, và được bạn bè, thầy cô quý mến. Nhưng thật không may, web trường đã hỏng...nên tui phải cố gắng chui lại vào chiếc chăn ấm áp của mình...']","['Tất cả, 187', 'Haha, 98', 'Thích, 63', 'Buồn, 25', 'Yêu thích, 1']","['Coi đá bóng trên elearning nào :)))', 'Hẳn nào:))', ""Trâm Huỳnh nỗi đau này ai thấu đai:'))"", 'Nguyễn Thị Trà My giải đáp thắc mắc', '=))))))) ngủ', 'thực ra không có cái chăn nào cả', ':((', 'Thư Nguyễn số trời', 'Phạm Hồng Khuyên', 'Phương Liên Thương Thương Nguyễn đây à:)))', 'Võ Thị Ngọc Linh đúm nó đó c :)))', 'Thật sự không phải chăn ấm đâu...', 'DUE Troll mà còn nệm êm nữa ad', 'Ưu đãi dành riêng cho các bạn Sinh Viên\n1/ Cấp thẻ tiêu dùng 5-10 triệu\n2/ Miễn lãi 60 ngày đầu, trả góp hàng tháng từ 300k\n3/ Không phí mở thẻ, mở ra chưa dùng thì vẫn miễn phí\nĐẶC BIỆT, 𝐠𝐢𝐨̛́𝐢 𝐭𝐡𝐢𝐞̣̂𝐮 𝐛𝐚̣𝐧 𝐧𝐡𝐚̣̂𝐧 𝐧𝐠𝐚𝐲 𝟐𝟎𝟎𝐊\n** 𝑙𝑖𝑒̂𝑛 ℎ𝑒̣̂ 𝑉𝑖𝑒̣̂𝑡 đ𝑒̂̉ 𝑛𝑎̆́𝑚 𝑟𝑜̃ 𝑡ℎ𝑒̂̉ 𝑙𝑒̣̂ 𝑡𝑟𝑢̛𝑜̛́𝑐 𝑘ℎ𝑖 𝑔𝑖𝑜̛́𝑖 𝑡ℎ𝑖𝑒̣̂𝑢 𝑏𝑎̣𝑛\nLiên hệ: 𝗩𝗶𝗲̣̂𝘁 - 𝟬𝟵𝟭𝟰 𝟯𝟳 𝟲𝟰𝟲𝟱 (𝗰𝗼́ 𝗭𝗮𝗹𝗼)\nHỗ trợ SV toàn quốc, SV Đà Nẵng càng tốt\nThủ tục chỉ cần CCCD & Thẻ SV']",66255,"Thứ Hai, 25 Tháng 12, 2023 lúc 21:08",14
['Tối nay ai ở nhà học bài xứng đáng được thi được A+++'],"['Tất cả, 313', 'Thích, 175', 'Haha, 91', 'Yêu thích, 41', 'Buồn, 4', 'Thương thương, 2']","['Ít mì', 'Quỳnhh Như', 'Ngọc Thuỳ u and i', 'Nguyễn Phan Như Quỳnh học đi', 'Phạm Tấn Phát có nịt :))', 'Taoooo', 'Ngoc Diem chúng ta', 'Ngọc Diễm hay “mi đang mần cái chi đó??” lắm', 'Thảo Vy full A+học bổng', 'Bảo Ngọc còn ai ngoài cta nữa', 'Nguyễn Xuân Ngà A+ kìa', 'Nguyễn Hà My ước được A+ hí', 'Hoài An', 'Nguyễn Như Bảo đang đi chơi ở zone6 màk', 'Lê Yến', 'Linh Nguyễn lỡ cuối kì t bị D thì cho t mượn cái quần t đội cho bớt nhục', 'Lê Yến rg mà nói xui rứa hè', 'Trương Thu Nhân tuyệt vời quá chị', 'Lê Nguyễn Thúy Hằng đủ rùi', 'Trương Thu Nhân đừng học nx mà', 'Phương Kiều yên tâm. Hôg có hc đâu', 'Lê Nguyễn Thúy Hằng mn tag nhau tui áp lực', 'Phương Kiều thấy cái chi cũng áp lực hết hả', 'Trần Tình cầu chúccccccc', 'Huyên đỉnh', 'Pass Elsa pro trọn đời 750k', 'Ha Quyen có được anh ấy', 'Khánh Trang tuyệt vời quá chị ơiiiii', 'Út Linh chê xin đi chơi k cho', 'Khánh Trang ny k cho à hâhha', 'Út Linh chớ ai rủ rồi k cho ngta đi chê', 'Khánh Trang thử đi hỏi noel bùn rủ bạn bè đi chơi nó kêu đi lên ny nó chơi\nChơi cqq j trên nớ:)', 'Út Linh rủ dạo.chớ ai rủ lên nớ chơi chời', 'Khánh Trang im dạo lên ny mình\nnói z là chắc k lên', 'Út Linh chê', 'Khánh Trang', 'Khánh Huyền còn gì bằng nữa\nTự nhiên thấy cũm ấm', 'Thu Kim tắt đt học bài lẹ', 'Yến Vy nghe nói bạn phải hân', 'Phan Thị Hồng Vân t nằm hc kh phải ngồi hc :>>', 'Trần Hà My ở ngoài đường học thì có đượt A khum ạ', 'Hiền Vy vác cái xác về nhà ngủ', 'Lê Như Quỳnh Nhật Diệu Huong Nguyen duii nhể', 'Huong Nguyen mai 10đ vi mô', 'Lê Như Quỳnh + thêm 10 anh ngyeu giữa trời giá rét này nữa thì tuyệt', 'QuynhNhu Nguyen Chỉ có toi và Nhật Diệu thoai', 'Huong Nguyen chắc chưa', 'QuynhNhu Nguyen chắc rất chắc và siêu chắc nhó', 'Ngồi học bài nha, chứ không tính nằm học bài nha quý dị', 'Hơi ấm mùa đông là đây chứ đâu\nMọi người vây quần bên nhau để cùng sửu ấm, tâm sự với nhau trong những ngày cuối năm này nhé\n-------------------------------------\nĐịa chỉ : 07 Nguyễn hữu Thọ\nSđt : 09.323.868.07\nFree ship khu vực bán kính 3km nhé', 'Vợ tương lai của mình nhớ đi chơi về sớm nhé', 'Vẫn học bài đều đều']",67128,"Chủ Nhật, 24 Tháng 12, 2023 lúc 19:50",52
"['Noel đã tới\nNhưng ""end"" của deadline chưa tới ']","['Tất cả, 159', 'Thích, 65', 'Buồn, 65', 'Haha, 26', 'Yêu thích, 3']","['Phuong Anh Ho Hoàng Trang Anh Khoa thâm thuý z, ad ngày càng mặn', 'Gg dịch đúng chưa vậy']",67835,"Chủ Nhật, 24 Tháng 12, 2023 lúc 10:10",2
[],[],[],68905,
['Mới sáng mà ai đưa ghế ra đây ngồi chill z '],"['Tất cả, 246', 'Haha, 171', 'Thích, 69', 'Buồn, 3', 'Yêu thích, 2', 'Thương thương, 1']","['Phương Trinh\nsao con buồn', 'Công nhận là góc này đẹp nha']",69762,"Thứ bảy, 23 Tháng 12, 2023 lúc 08:04",2
"['Anh 7 ghi bàn quá đẹp, Web elearning đã sập ']","['Tất cả, 205', 'Haha, 112', 'Thích, 70', 'Buồn, 22', 'Yêu thích, 1']","['DUE Troll ad là râu con à', 'DUE Troll man cute hay man đỏ', 'DUE Troll đồng môn rồi á', 'Kiệt Đỗ =)))))))))))))))) cay', 'DUE Troll 10đ kh có nhưng', 'Thục Đan', 'Bạn em thích ad lắm, nó cx ricon nữa, ad cho em xin địa chỉ nhà đc ko', 'Ngọc Phú Ngọcc Châuu k phải tại máy ta hâhhah', 'Vu Ngoc Mai tự nhiên coi đá banh thôi', 'Văn Nguyễn Tĩnh', 'Văn Nguyễn Tĩnh ác', 'Dự kiến tầm 7h kém 10 có lại nha', 'Hải Đăng ơ đâu, fan Man nè', 'Hải Đăng ""Glory, Glory""', 'Hà Phước Thịnh ad chỉ sợ bạn em đi lạc như cú sút của Nunez thôi =)))', 'Web xem điểm cũng sập']",71011,"Thứ Tư, 20 Tháng 12, 2023 lúc 16:43",16
['Lịch trình của sinh viên gần đây kiểu '],"['Tất cả, 367', 'Buồn, 195', 'Thích, 118', 'Haha, 52', 'Thương thương, 1', 'Wow, 1']","['thi 3 môn vấn đáp 1 ngày\nsự thật ko hề giả trân', 'Thi 3 môn vđ 1 ngày', 'Meri Ngô', ""Thì vấn đáp ngày 14 :')) và hai ngày sau thi 2 môn tư tưởng"", 'Sơn My', 'Trần Trâm bà là sự kết hợp của cả hai, toẹt vời', ""Ổn'nt :))))"", 'Vilay Svy pen nao dh', 'EmWarn Soutthida mai mới thi nhưng biết kết quả rồi đó :))', 'DUE Confessions hong sao hết á, mưa nào mà không ướt, đúng khum']",71794,"Thứ Ba, 19 Tháng 12, 2023 lúc 20:00",10
"['Sinh viên Kinh tế rất yêu, nhưng mà Yêu lại từ đầu \n------\nCre: Đài Phát Thanh.']","['Tất cả, 218', 'Buồn, 96', 'Thích, 65', 'Haha, 56', 'Yêu thích, 1']","['Khuyên các bạn là nên học những môn căn bản này cho thật kỹ và nắm chắc. Sau này đi làm hay muốn phát triển thì đó là những thứ nền tảng. Đừng để sau đi làm phải bỏ tiền ra học lại (như ko nhầm thì để học lại những môn này 5-7 buổi gì đó thì mất tầm 10-20tr)', 'Nguyễn Hữu Nguyên sau ni đi tuyển dụng cũng có thi mà bồ', 'Nguyễn Anh Vũ trước sau gì cũng phải học bồ ha. Đi lồm mà mấy đứa ko biết vĩ mô mà chém vĩ mô nó buồn cười lắm', '', 'Trúc Linh Quỳnh Trang Thảo Vy tinh hoa hội tụ, sinh viên rất yêu', 'cũng ""yêu"" lắm', 'Kim Châu Á bản thiết kế zĩ đại', 'Hoàng Nguyễn Minh Minh Lê Như Tâm Nguyễn Trang Nguyễn Cát Tường vui vẻ', 'Không dám nhận tình yêu to lớn này đâu', 'Thấy ghéc Ninh Thị Bảo Trâm Hồng Trang Nguyễn Thị Trang', 'Hiếu Ngọc yêu ko hếc', 'gúm quá, chê', 'Chiu Min de de de', 'Tha', 'Ê vi mô nữa']",72576,"Chủ Nhật, 17 Tháng 12, 2023 lúc 23:02",15
['Tương truyền khu A Trường ĐH Kinh tế có một vị thần điểm A '],"['Tất cả, 690', 'Thích, 305', 'Yêu thích, 231', 'Haha, 136', 'Buồn, 10', 'Thương thương, 8']","['Vậy cũng nghĩ ra được à', 'Gia Hânn share kìa', 'Trúc Quỳnh đừng F là mừng r', 'Nguyệt Thu mời cậu share trước', 'Kim Dung thấy avt bn uy tín ko', 'Nguyễn Mỹ Dung share đi bạn.', 'Nguyễn Thị Hà An cừi chết', 'Nguyễn Mỹ Dung nhanh còn kịp thi', 'Share khu A thi khu D :))) thần độ lệch khu', 'Cái khu gắn liền với năm nhất cụa em', 'Nguyễn Duy Bảo về quê sao chưa vô, mai 9h thi rồi', 'Nguyễn Duy ee mai t thj thật m, môn Cơ sở thu phát rada, nguy cơ trượt cao vãi', 'Nguyễn Duy Bảo nỏ can chi cạ, nốt kì này ta nháp, kì sau mần lại, bị đuổi thì về mần lẫy kím cơm', 'Ngọc Ánh\nnếu bạn cần', 'đã share', 'Thanh Tâm Đỗ lẹ lẹ m ơi', 'Thu Anh Ngo ác kk', 'Quỳnh Hương share i là dc 11đ', 'Bao Tram 10 điểm rưỡi rồi', 'Hoai Thuong Tâm linh thoi nàoo', 'Có thật là như v khong', 'Đỗ Thị Thu Hà có với người học bài á', 'Nguyễn Vĩnh ừm Vĩnh =))', 'share mì tôm là được điểm cao nha', 'An Bình ba cái đồ học kì th mà', 'Chúc em lsđ A kk']",73464,"Chủ Nhật, 17 Tháng 12, 2023 lúc 20:03",26
"['Làm gì làm, up locket cái đã ']","['Tất cả, 312', 'Haha, 211', 'Thích, 78', 'Buồn, 23']","['Nguyễn Hải Yến', 'Thu Thảo ám ảnh luôn m', 'Ai Oanhh m à', 'Võ Thi Anh Thư j ko nhớ', 'Thương Hà', 'Tuyết Quân cái ni thấy hum linh lúm', 'Như Bích', 'Trâmm Emm tuổi trẻ thiệt chứ, trường mà thấy là nắm cái đầu lung quá -.-', 'Nguyễn Thị Na cùng lắm học lại để lần sau đi thi up locket tiếp thoi mà, khom saooo', 'Huỳnh Ngọc Thoa :)) làm phát nữa cho chấn động', 'Nguyễn Thị Thu Huyền úp mín r chiến haha', 'Nhi Trần', 'Lê Nguyễn Thùy My Ho Ngoc Minh Anh dân xài lọc kẹt phải thế', 'Nhat Uyen rớt môn cũng phải locket', 'Nhat Thu cho tiền học lại thì đỡ', 'Thấy còn 3s nên tui phải dơ máy lên chụp liền đó']",74317,"Chủ Nhật, 17 Tháng 12, 2023 lúc 12:00",16
['Môn tưởng A thì D\nMôn tưởng D thì\n----\nthì D'],"['Tất cả, 194', 'Buồn, 94', 'Thích, 57', 'Haha, 43']","['Câu học nhiều thì làm sai, câu ko học thì lại bỏ trắng', 'Nguyễn Thanh Trà t mượn cmt để t nói m đó chứ m cười chi', 'Thì học lại :)))', 'Nhàn Thanh ổn ko em?', 'đang nghe nhạc thiền', 'Hòa Lê', 'Thương Ngọc Ly Ly TỪNG ÔN REMIX', 'Thu NguyễnThảo NguyênLinh Đen toi không thể thấy điều này 1 mình', 'Phạm Trà zui quá chời', 'Hoàng Quỳnh Trang', 'Trần Thị Hồng Ngân Đừng nói nữa đi nấu ăn đi:)))', '^^']",75435,"Thứ bảy, 16 Tháng 12, 2023 lúc 22:16",12
['Vì bạn xứng đáng  '],"['Tất cả, 266', 'Haha, 126', 'Thích, 100', 'Buồn, 37', 'Yêu thích, 2', 'Wow, 1']","['DUE Troll đang tu skill mai thi', 'Phương Trinh', 'Bảo Vy', 'ghi nhận Lê Ngọc Cường :)))', 'Chi Linh Hoàng hãy trao cho tôi', 'Phan Võ Thanh Tuyền chúm ta cần nhận được sự công nhận', 'Diệu An bạn xứng đáng được nhận', 'Trang Phan lúc nào cũng thấy than dl rồi đc nhận chưa', 'Ngọc Châu Giải ngủ nhiều nhất năm', 'Trang Phan đăng story liền', 'Ngọc Châu Nhường m', 'Trang Phan chụp qua t đăng', 'Ngọc Châu Chờ ship vô cho', 'Hằng Nguyễn sale cho trường đi', 'Hằng Nguyễn xem ai tiềm năng', ':))', 'Trần Hiền sale cho Hà ny à']",76387,"Thứ Sáu, 15 Tháng 12, 2023 lúc 21:44",17
['Trường có chuyện gì vậy mọi ngườiii '],"['Tất cả, 227', 'Thích, 158', 'Haha, 49', 'Buồn, 17', 'Wow, 2', 'Yêu thích, 1']","['Tập huấn thôi mà t la thiệt bây', 'Trời nắng tưới nước cho mát', 'Tâm Nguyên thế khói là do gì anh', 'Khánh Trần quen qá :))', 'Lê Minh', 'Lê Trung Hiếu bớt hóng lại nha pé =))', 'Lê Minh ko hóng đời không nể b ơi', 'Nguyên cháy hết đề thi r. Khỏi thi nữa, yeah', 'Tưởng cháy đề chớ', 'Tin chuẩn chưa để đi kể:v', 'Lê Văn An kể đại đại đi rồi confirm sau', 'Trần Long Xuân Phong Nguyễn chừa lun :)))', 'Sinh Văn thề sợ ngang', 'Trần Long làm phát hết hồn', 'Sinh Văn đang buồn ngủ làm quả tỉnh ngủ', 'Sinh Văn nghỉ 1 hôm mà trường zui thế :))', 'Hoàng Tuấn bị bắn súng nước :)))', 'Sinh Văn zui zậy', 'Hoàng Tuấn hong đi hong zui', 'Hoàng Tuấn quê chứ hông dui :((', 'Tập huấn phòng cháy', 'Vĩnh Phúc Khánh Đoan còn đó thì ấn phím 1', 'Miinh Hằnngg ra xĩu có a đẹp trai cứu neeee', 'Hạ Quyên Nguyễn đừng nghịch ngợm nữa, bây giờ với tôi toàn là nghịch cảnh', 'Mấy đứa không đăng ký được tín chỉ đốt á', 'Nguyễn Tiến mất dạy, mi đúng không ?', 'Thanh Sang nói bé mồm thôi', 'Mai Đặng cháy trường hả cô giáo', 'Mỹ Duyên ko có bik lun', 'Trương Thị Thảo Vân Phương Như chạy nhanh lắm, văng dép chứ nhiêu :))', 'Anhh Kim tưởng có sinh viên chơi trội k á mi', 'Vương Andy dụ chi rứa?', 'Anhh Kim ai biết chi mô, làm t tưởng sv\ntrường', 'Ngọc Ánh Thuy Vinhh đề cháy rồi nên nghỉ học thui', 'Lê Hằng ok bỏ thi thoi', 'Lê Hằng đề kh cháy m cũng có học đôu mà nghĩ', 'Ngọc Ánh thấm vl', 'Võ Nguyễn Bích Thủy Ngọc Vy Thu Thúy tầng 9 năm nào', 'Cháy trường:))', 'Thùy Linh sao cô lại đốt trường vậy =)))', 'Châu My tại tôi rớt môn nên tôi phải làm thế để trả thù', 'Thùy Linh chủng bị trường sẽ tăng học phí cho cô kkk', 'Châu My nữa hả', 'Đào Văn Tuyến mày đốt trường à', 'Võ Thiện Nhân ??', 'Tưới cây á trời nắng']",77792,"Thứ Sáu, 15 Tháng 12, 2023 lúc 15:24",46
['Vào đăng ký lại học phần bị hủy thì nhận ra trường chỉ mở 1 lớp trùng vào TKB cứng :))'],"['Tất cả, 110', 'Thích, 65', 'Haha, 25', 'Buồn, 20']","['DUE Troll ủa sao giờ tui vô gdtc4 xem thấy còn trống 1 nùi nè bà', 'Nghĩ tới cảnh năm sau đi học thể với 50K mà nao lòng', 'DUE Confessions tui thất học gdtc 3 bà ơi']",78644,"Thứ Sáu, 15 Tháng 12, 2023 lúc 08:46",3
"['Đại học kể ra cũng nhàn ', '0:05 / 0:14']","['Tất cả, 232', 'Buồn, 112', 'Haha, 71', 'Thích, 47', 'Yêu thích, 2']","['Quỳnh Nhưư có quen hongggg', 'đã đời']",79421,"Thứ Năm, 14 Tháng 12, 2023 lúc 20:00",2
['ĐÃ CÓ LỊCH ĐĂNG KÝ TÍN CỦA 49K'],"['Tất cả, 154', 'Thích, 121', 'Buồn, 26', 'Yêu thích, 6', 'Haha, 1']","['Nhả vía 1 tiếng 6 người kì 2, 20p 3 môn kì 1 :))', 'Lê Vĩnh Diện lấy vía của chị mài hết rồi đi phân phát à', 'Nguyễn Thị Thơm củm ơn chị Dứa xinh đẹp đã cho em vía', 'Lê Vĩnh Diện còn tận mấy kỳ lận nha', 'Nguyễn Vera', 'Ngọc Oanh m 4 mấy 48 ha', 'Trần Lê Bảo Hân chúc em cạnh tranh may mắn', 'Nhân Trần', 'Hoài Thu Lê', 'Trà Giang chúc may mắn', 'Hoàng Lê Trà My đk dùm với', 'Trà Giang 100k 1 môn', 'Hoàng Lê Trà My uhm thanks :))))', 'Lưu An Lê chuẩn bị tinh thần', 'Nguyễn Thịi Lânn sợ rứa', 'Nguyễn Thịi Lânn coi răng thất học luôn :))', 'Hoài Thanh', 'Chi Khánh chúc e may mắn', 'Đình Khánh bình an', 'Lý Phương Nga cứu tui cứu tui', 'Đình Khánh 0', 'Nguyễn Phan Hoài Thương tới rồi', 'Thảo Vy Trúc Linh chuẩn bị chạy đua với thời gian\nMạng đứa nào mạnh hơn đứa mấy thắng', 'gòy lun, cuộc chiến sắp sửa bắt đầu :))', 'Trinh Trần', 'Tuyết Quân', 'Nguyễn Vân chỉ t đăng ký coi', 'Thu Thuỷ easy', 'Nguyễn Thảo ngày lành tháng tốt', 'Quỳnh Phạm ước làm 49k', 'Kim Dung khùng r đó', 'Nguyễn Thái Hà cậu đã tìm được cho mình chân lý nào chưa, cho mình ké nhiều lớp chút', 'Quyết Thắng =))))) lúc đó web sập thì chỉ có khóc', 'Nguyên Phan tớ tin cậu:>', 'Nhật Lê Anh Nam Nguyễn Hoài An :))', 'Diễm Quỳnh ra net thoi', 'Hoàng Nguyễn Minh Minh Lê Như Tâm Nguyễn Cát Tường Nguyễn Trang gì nó cũng tới r', 'Nguyễn Phương haiz', 'Thu Huyền chúc may mắn', 'Nhung Nguyet chuẩn bị đc biết mùi web trường mượt ra ren:))', 'Văn Thị Ánh Duy thoi nghe nựa hoang mang', 'Phương Trâm Thao Nguyen kiếm sẵn quán net wifi mạnh mạnh trc đi mấy elm :)))', 'Cẩm Nhung cho e dô hội dới ạaaa', 'Kim Yến em trả tiền net cho tụi chị', 'Kim Yến bao quán net bữa đó nha iuuuu', 'Cẩm Nhung Phương Trâm Cũng ước được bao quán net gheee=))', 'Khánh Linh ước mơ nhỏ nhoi của tụi tớ nè cậu Kim Yến ơi', 'Khánh Linh đừng lo tới bữa Kim Yến bao trọn quán net cho lớp mình', 'Phương Trâm cô ấy thật giàu, nhất là giàu tình cảm ha=))', 'Kim Yến đại gia mới nổi lớp 22.1', 'Phương Trâm chị nỡ lòng nào đối xử dới e như z', 'Chương Hân há há há há há há há há há há', 'Nguyễn Vy chi rớ tr', 'Chuẩn bị tinh thần cho kỳ học mới thuii', 'Đăng ký tín hồi hộp hơn phim hành động lun á']",80273,"Thứ Năm, 14 Tháng 12, 2023 lúc 10:40",55
"['[KẾT QUẢ CHUNG CUỘC]\nSau những cuộc tranh tài căng thẳng giữa các phe phái ""cà phơ"" thì cuối cùng quán quân của “DEADLINE ƠI, MÌNH ĐI ĐÂU THẾ” cũng đã lộ diện. TROLL xin được công bố quán quân với số lượt bình chọn 107 \n đã xuất sắc giành được chiến thắng đó chính là :\n ZONE SIX \n---------------------------\nTất cả các ứng cử viên đều xứng đáng cho ngôi vị cao nhất, tuy nhiên cuộc chiến nào cũng phải có kẻ thắng người thua. Một lần nữa TROLL xin chúc mừng quán quân Zone six và cảm ơn tất cả các bạn đã dành thời gian, tình cảm để vote cho các đội thi. \nChúc các bạn có cho mình một nơi chạy deadline ưng ý nhất và có được kết quả tốt nhất nhất nhất trong kỳ thi sắp tới nhaaa \n---------------------------\nCảm ơn và Hẹn gặp lại !']","['Tất cả, 156', 'Haha, 94', 'Thích, 58', 'Yêu thích, 3', 'Wow, 1']","['Ánh Thy ihome rớt hạng r', 'Nguyệt Thu icoffe m', 'Ánh Thy :)) chớ kêu đau răng chưa ngủ', 'Nguyệt Thu thao thức vì em', 'Ánh Thy thức đi :)) có sức làm thử thách ngồi 10 tiếng ở quán', 'Nguyệt Thu 24t chớ 10t hơi ít', 'Nguyệt Thu tại vì là chân ái đó c', 'Kim Dung đề nào ngủ bụi ở zone six thử', 'Phuong Anh Ho Hoàng Trang zone6 mãi đỉnh', 'Tran Nghia z6 nma mình đổi cơ sở ngồi đc k ntp mãi k chán à :))))))', 'Quỳnh Phạm đúng r chớ sao', 'Lê Thanh Thiện quán guột kìa', 'Hứa Thanh Tú tới soạn ppt với hát nhạc SNSD nữa ko =))))))', 'Quán ruột nằm lê la suốt ngày ở quán ruột, hẹn quán khi nào trời lạnh đem chăn ra nằm với quán', 'Mỹ Như trải nghiệm chạy kpi giùm chị ấy hà', 'Thuý Hiền. sợ rùii', 'Anna Anh quán ruột c kìa', 'Bé Hằng Cung Trăng sợ r hong dám đi', 'Phương Lan cổ đông của quán', 'Lan Anh e chính thức hết tiền r', 'Bầu trời hôm nay thật đẹp, như chiến thắng của Zonesix v đó\nAdmin dễ thương hẹn các bạn hôm nào tới Zone6 nhé']",81169,"Thứ Ba, 12 Tháng 12, 2023 lúc 20:30",21
['Là học bài dữ chưa? '],"['Tất cả, 70', 'Haha, 39', 'Thích, 24', 'Buồn, 7']","['Mõ tụng kinh cá ngáo mini, đồ chơi giải trí | Shopee Việt Nam', 'Nguyễn Tường Vy', 'Kim Ngân y rk mik p tích đức lên bé kakak', 'Bùi Yến Nhi', 't gõ m', 'Bùi Yến Nhi sao gõ t', 'chịu ko chịu cũng chịu', 'Quỳnh Phương', 'Hoang Linh chuẩn bị một tâm hồn đẹp để đi thi', 'Quỳnh Phương và một cái đầu lạnh', 'Trương Thị Thanh Thảo tụng m', 'Thùy Dương thì cũng tụng dữ lắm rồi á', 'Khanh Vy đừng lo nhé', 'Lê Lê Tuấn Hải đến nước này chỉ có gõ đầu cho chữ vào thôi cậu ạ', 'Đọc đến Anna Karerina là quá kinh khủng.', 'xin chỗ mua mõ =))', 'Trần Phương Linh ủa, sao lên đây rồi', '', '0:00', '/', '0:04', 'Trần Phương Linh cho với', 'Kim Oanh 10k mình tụng zùm cho', 'Mua dụng cụ học tập để đỡ phải học bài\nhttps://shope.ee/7KX3lo4xyl']",82530,"Thứ Ba, 12 Tháng 12, 2023 lúc 20:00",24
['Đến giờ tâm linh rồi '],"['Tất cả, 297', 'Thích, 141', 'Yêu thích, 96', 'Haha, 56', 'Buồn, 4']","['Nam mô', 'Huỳnh Tuyết Trinh', 'Ỏ', '.', '', 'Xuất sắc']",83630,"Thứ Hai, 11 Tháng 12, 2023 lúc 21:18",6
"['[DEADLINE ƠI MÌNH ĐI ĐÂU THẾ? - CHUNG KẾT]\n TRẬN CHIẾN CUỐI CÙNG \nTrải qua 6 trận chiến đầy cam go, khắc nghiệt chúng ta đã tìm ra được hai ứng cử viên sáng giá cho vị trí quán quân, đó chính là Zone six và Thâu Coffee. Cả hai sẽ cùng bước vào một vòng đấu “căng” nhất - Vòng chung kết.\n Chào mừng bạn đến cuộc so tài giữa TOP \n của cuộc bình chọn:\nZONE SIX \n THÂU COFFEE\nCÁCH THỨC THAM GIA:\n- Thả \n để vote cho ZONE SIX\n- Thả \n để vote cho THÂU COFFEE\n-Và cũng đừng quên tag bạn bè vào để hỏi bạn bè rằng: “Mi thích chạy deadline ở mô?”\n Bên nào có số lượng người reaction cao hơn sẽ giành được chiến thắng và chính thức trở thành “địa điểm vàng” trong làng chạy deadline.\n -------------------------------------------\n Thời gian diễn ra: Từ 20h ngày 11/12/2023 đến 20h ngày 12/12/2023. \nChỉ còn 24h nữa là chúng ta sẽ tìm ra QUÁN QUÂN cuộc bình chọn “DEADLINE ƠI MÌNH ĐI ĐÂU THẾ?” \nThời gian đang dần trôi, hãy bình chọn ngay thôi!!!']","['Tất cả, 164', 'Yêu thích, 116', 'Thương thương, 44', 'Thích, 3', 'Haha, 1']","['DUE Troll admin có tâm nhất hệ mặt trời', 'DUE Troll viết gì xàm v mẹ']",84402,"Thứ Hai, 11 Tháng 12, 2023 lúc 20:02",2
[],[],[],85757,
