content,emoji,comment,current,href,time,comments_size
"['Hiện e đang là SV năm hai marketing ạ, nhưng e thấy khá nản so với việc chỉ học lí thuyết trên trường ạ . A/c có CLB hay tổ chức nào về ngành mkt cho người chưa có Kinh nghiệm k ạ']","['Tất cả, 7', 'Yêu thích, 4', 'Thích, 3']","['Bạn có thể tham khảo tổ chức AIESEC nè, tui thấy bên có nhiều chương trình/ sự kiện hay chạy campaign mkt đồ lắm. Nên nếu muốn trải nghiệm thực tế, có kinh nghiệm thì đáp ứng được mong muốn cho bà nè\nGửi cậu link gr nếu cậu quan tâm nhoaaa\nhttps://www.facebook.com/groups/1142046142671701', 'À mà hình như đang có workshop để để tư vấn và hỗ trợ nếu bạn có thắc mắc hay phân vân tham gia tổ chức khôm nè\nhttps://tinyurl.com/3tyx7xxb', 'Huhuu mình cũng v nản lắm r', 'Cố lên bạn ơi', 'Mình cx đang tự học marketing ó , mình được bạn giới thiệu https://www.facebook.com/groups/1142046142671701/?ref=share&mibextid=NSMWBT gr này nì , bạn tham khảo nha, ở đây mình có cơ hội được học hỏi , trải nghiệm thực tế lun á, đặc biệt là không yêu cầu kinh nghiệm j khi đăng kí đơn cả nè. Sắp tới sẽ có buổi workshop nói về ngành mkt , các típ từ các a/c nữa nè, nếu b hứng thú thì đk đi nha, hoàn toàn miễn phí á https://docs.google.com/.../1FAIpQLSeJnfSNQmm.../viewform... link workshop nhó']",1236,https://www.facebook.com/groups/306495668576061/posts/431593289399631/?__cft__[0]=AZUfiZxPesqy1cmNVfs3fwMXKkznZ2q31-KwBBHpj_lShv5VbmfpjHJS-z1BgMi9cYdHq6KOMlr7z-9BWgsJW56-gSTAFvcX-XoGbZnVblzddP_ottvF4E0ZqLeLYD3wCplhff7hTASNCO5y0pn2XtI7f7WBF6cr0n0-uloREQj6axh5g3pI4JYh57LM8MXC_WzniWNt7VUqw-Ff1UJj-eMM&__tn__=%2CO%2CP-R,"Thứ Năm, 14 Tháng 3, 2024 lúc 18:25",7
"['Ai đó đã từng nói “Nơi đẹp nhất là nơi chúng ta từng đi qua.\nKhoảng thời gian đẹp nhất là khoảng thời gian không bao giờ trở lại”\nNhững ngày “Học làm người lính"" bên hàng cây, ghế đá, sân trường nơi Khoa GDQP đã giúp các bạn 49K trưởng thành hơn phải không nào?\nKết hiểu rằng bạn đã có thật nhiều kỷ niệm tươi đẹp tại đây. Những người bạn mới, thầy cô mới và cả trải nghiệm mới. Môi trường quân ngũ đã giúp bạn đồng cảm và thấu hiểu hơn cho sự hy sinh, vất vả của các chiến sĩ ngoài kia. Sau này sẽ không còn những buổi bật dậy thật sớm để kịp giờ tập thể dục, hay phải lật đật bưng tô cơm chạy đi xếp hàng trong tiếng gọi thất thanh của các thầy.  Hơn cả là những bài học quân sự và câu chuyện về đời sống mà các thầy chia sẻ…..chắc hẳn sẽ làm bạn nhớ nhiều.\nThương chúc bạn trên hành trình cuộc đời sẽ ghi dấu thật nhiều bước chân mới và kỳ quân sự đáng nhớ là những bước chân chập chững đầu tiên trên con đường Đại học chinh phục giấc mơ.\nCùng Kết hồi ức lại thời gian tuyệt vời này nhé!', 'KẾT Board Game\ne\no\nS\np\nt\nn\nd\ns\nr\no\n l\nu\nn\n8\n3\nu\nh\n2\n0\n0\nc\n1\nl\n0\n3\nh\n3\n:\n 5\n1\n0\nc\na\n8\n2\nm\n1\nt\na\nl\nf\n8\nh\n1\n 6\n 3\ng\nm\nú\n3\n8\ná\nc\n5\n8\ng\n  ·\n|\nSERIES TỤ XANH: CHUYỆN CHƯA KỂ P2\n|\n__________\nAi đó đã từng nói “Nơi đẹp nhất là nơi chúng ta từng đi qua. \nKhoảng thời gian đẹp nhất là khoảng thời gian không bao giờ trở lại”\nNhững ngày “Học làm người lính"" bên hàng cây, ghế đá, sân trường nơi Khoa GDQP đã giúp các bạn 49K trưởng thành hơn phải không nào? \nKết hiểu rằng bạn đã có thật nhiều kỷ niệm tươi đẹp tại đây. Những người bạn mới, thầy cô mới và cả trải nghiệm mới. Môi trường quân ngũ đã giúp bạn đồng cảm và thấu hiểu hơn cho sự hy sinh, vất vả của các chiến sĩ ngoài kia. Sau này sẽ không còn những buổi bật dậy thật sớm để kịp giờ tập thể dục, hay phải lật đật bưng tô cơm chạy đi xếp hàng trong tiếng gọi thất thanh của các thầy.  Hơn cả là những bài học quân sự và câu chuyện về đời sống mà các thầy chia sẻ…..chắc hẳn sẽ làm bạn nhớ nhiều. \nThương chúc bạn trên hành trình cuộc đời sẽ ghi dấu thật nhiều bước chân mới và kỳ quân sự đáng nhớ là những bước chân chập chững đầu tiên trên con đường Đại học chinh phục giấc mơ. \nCùng Kết hồi ức lại thời gian tuyệt vời này nhé!\n_______\nKết Board Game - Chơi là kết!\nThông tin liên hệ:\n Email: ketboardgame@gmail.com\n Hotline: 0352699269\n Tiktok: https://www.tiktok.com/@ketboardgame\n Shopee: https://bom.so/Ketboardgame\n#Ketboardgame #choilaket #boardgame #DUE', 'KẾT Board Game\ne\no\nS\np\nt\nn\nd\ns\nr\no\n l\nu\nn\n8\n3\nu\nh\n2\n0\n0\nc\n1\nl\n0\n3\nh\n3\n:\n 5\n1\n0\nc\na\n8\n2\nm\n1\nt\na\nl\nf\n8\nh\n1\n 6\n 3\ng\nm\nú\n3\n8\ná\nc\n5\n8\ng\n  ·', '|\nSERIES TỤ XANH: CHUYỆN CHƯA KỂ P2\n|\n__________\nAi đó đã từng nói “Nơi đẹp nhất là nơi chúng ta từng đi qua. \nKhoảng thời gian đẹp nhất là khoảng thời gian không bao giờ trở lại”\nNhững ngày “Học làm người lính"" bên hàng cây, ghế đá, sân trường nơi Khoa GDQP đã giúp các bạn 49K trưởng thành hơn phải không nào? \nKết hiểu rằng bạn đã có thật nhiều kỷ niệm tươi đẹp tại đây. Những người bạn mới, thầy cô mới và cả trải nghiệm mới. Môi trường quân ngũ đã giúp bạn đồng cảm và thấu hiểu hơn cho sự hy sinh, vất vả của các chiến sĩ ngoài kia. Sau này sẽ không còn những buổi bật dậy thật sớm để kịp giờ tập thể dục, hay phải lật đật bưng tô cơm chạy đi xếp hàng trong tiếng gọi thất thanh của các thầy.  Hơn cả là những bài học quân sự và câu chuyện về đời sống mà các thầy chia sẻ…..chắc hẳn sẽ làm bạn nhớ nhiều. \nThương chúc bạn trên hành trình cuộc đời sẽ ghi dấu thật nhiều bước chân mới và kỳ quân sự đáng nhớ là những bước chân chập chững đầu tiên trên con đường Đại học chinh phục giấc mơ. \nCùng Kết hồi ức lại thời gian tuyệt vời này nhé!\n_______\nKết Board Game - Chơi là kết!\nThông tin liên hệ:\n Email: ketboardgame@gmail.com\n Hotline: 0352699269\n Tiktok: https://www.tiktok.com/@ketboardgame\n Shopee: https://bom.so/Ketboardgame\n#Ketboardgame #choilaket #boardgame #DUE']","['Yêu thích, 6']","['Nhật Lê suy nghĩ của m được viết ra ròi nè', 'anh Việt Hoàng viết cảm động quá', 'Nhật Lê ghê humm 2 đứaa', 'Ý nghĩa lắm ạ']",1898,https://www.facebook.com/groups/306495668576061/posts/430653742826919/?__cft__[0]=AZWf7kxOHXOpeoRrTvdebPPGtYLZDUYe3I-WpXKfEp4ULqc84R1TO6NGR_DJHuk4UyVzsMN7JqmHNLPAGuOrMYFMmeIv0mVWhf6TlbMVpUhNdpTXmv169bSN347MoTtsfm5SzSepEGYs-k1JZ4fo6C6_gN0Bk8ehFXhXXWRpcx4kFOsI5n4J86ASbHbaJ0VA8ATG_eeWQHmaaBkMTjp0VAxk&__tn__=%2CO%2CP-R,"Thứ Hai, 11 Tháng 3, 2024 lúc 20:31",4
"['Tips xây dựng CV ngay từ năm nhất\nHi mọi người, mình là sinh viên năm 3 ngành truyền thông. Và sau đây những điều mà mình ước mình đã làm sớm hơn khi từ năm nhất để có chiếc CV “xịn xò”\nTham gia các hoạt động ngoại khóa: Đó là thể là CLB trong trường hoặc ngoài trường, tổ chức xã hội nào đấy. Việc tham gia sẽ cho cậu cơ hội được trải nghiệm môi trường làm việc, rèn luyện tinh thần trách nhiệm, teamwork và rèn luyện kỹ năng mềm\nTham gia các dự án nghiên cứu/cuộc thi: Cùng giảng viên hoặc các nhóm nghiên cứu là cơ hội để bạn học hỏi và phát triển tư duy khoa học. Những kinh nghiệm này không chỉ bổ sung cho CV mà còn có thể khiến cậu trở nên nổi bật giữa các ứng viên.\nTự tạo cơ hội: Cơ hội không phải lúc nào cũng đến vào lúc phù hợp và cần thiết. Nên chúng mình cần sự chủ động để phát triển, hãy tự tạo cơ hội cho bản thân. Ví dụ, bạn có thể tham gia viết blog, thực hiện dự án cá nhân, hoặc làm freelancer.\nĐó là một số ít kinh nghiệm của mình. Dù mình đã có bắt đầu hơi trễ nhưng mà mình vẫn đang cố gắng từng ngày để có thể cải thiện bản thân và phát triển. Hy vọng bạn có thể bắt đầu sớm để không phải chật vật như mình nhé!']","['Tất cả, 25', 'Yêu thích, 13', 'Thích, 12']","['Mình cũng tham hdnk nào đó để làm đẹp CV, nhưng mà kì 2 thì thấy ít CLB nào tuyển thành viên? Không biết ai gợi ý cho mình vài nơi tuyển ở kì 2 không ạ?', 'Tuấn Kiệt thật ra hiện tại cũng ít đợt tuyển kì 2 lắm bạn. Mấy hoạt động tui tham gia cũng chỉ một lần tuyển, nhưng tui thấy bạn tui đang có ý định app vô chỗ ni nghe nói cũng chạy đủ thứ hoạt động. Bạn tham khảo nha Đồng hành cùng Tuyển Thành viên AIE… Xem thêm', 'Tuấn Kiệt https://www.facebook.com/groups/1142046142671701/?ref=share&mibextid=NSMWBT: mình đang tham gia tổ chức này nì, hiện tại đang mở đơn tuyển á. Ở đây tạo cho mình nhiều cơ hội để thử sức ở nhìu lĩnh vực khác nhau, mang lại trải nghiệm thực tế, học được nhìu kỹ năng mềm khác nữa nè. Bạn có thể tham khảo nha', 'PASS FILES TÀI LIỆU ÔN TẬP (bài tập trắc nghiệm/ tự luận + đáp án/giải chi tiết, hệ thống lý thuyết theo chương, slide, quiz) cho các môn:', '+Triết học mác-lenin\n+Chủ nghĩa xã hội\n+Tư tưởng hcm\n+Kinh tế chính trị\n+Đường lối cm đảng cộng sản vn\n+Pháp luật đại cương\n+Lịch sử đảng\n+ Vi mô, vĩ mô, toán cc\n+Tiếng anh kinh doanh\n+Nguyên lý kế toán\n+Khởi nghiệp kinh doanh\n+Kinh doanh quốc tế\n+Tài chính quốc tế\n+Nhập môn kinh doanh\n+Hệ thống quản lý thông tin\n+Quản trị quan hệ khách hàng\n+Pháp luật trong du lịch\n+Quản trị tài chính\n+Kế toán tài chính\n+Nghiệp vụ ngân hàng\n+Thị trường và định chế tài chính\n+Tài chính công ty\n+Quản trị marketing\n+Luật kinh doanh\n+Quản lý nhà nước về kinh tế\n+Hành vi tổ chức\n+Cơ sở dữ liệu\n+Một số môn ngành Tài Chính Ngân Hàng', 'PHÍ SHARE 20K ĐỂ NHẬN TẤT CẢ', 'IB nếu có nhu cầu nha', 'Cũm muốn tạo cơ hội cho bản thân lém nhưng mò ko thấy mình giỏi chi hớt']",3117,https://www.facebook.com/groups/306495668576061/posts/428507036374923/?__cft__[0]=AZWcAE8udX30lRwC21phr_sMO09Nf-iBk2bMr0bnS0-RwrpX9GLcC7zXnX0RSIpeHLXTzE-ZS7R7o_FRrIiH0boiEIqxe9NLv9OmsS1X2oGC-XMMZfdziJfsXzQRsspmSdVG7AFVDJ7XL8YedZNTglA38x2iD-u5uPLgNZ7Gb1HotDWhxN2eDhcz5plki82Ac0w&__tn__=%2CO%2CP-R,"Thứ Năm, 7 Tháng 3, 2024 lúc 21:40",5
['Tối nay vào lúc 20h00 ngày 05/03 ở trên Fanpage của KẾT Board Game có tổ chức một phiên livestream giao lưu với mọi người . Bên cạnh đó cũng có những phần nội dung về:\nChia sẻ kinh nghiệm đi học quân sự cho 49K cùng với các tài liệu quân sự;\nGiải đáp Kinh nghiệm học tập ở DUE; chia sẻ tài liệu học tập;\nChia sẻ kinh nghiệm Apply Học bổng Doanh nghiệp và chia sẻ kinh nghiệm bản thân;\nVô vàn các ưu đãi chưa từng có tại nhà KẾT Board Game.\nCác bạn hãy bật thông báo và theo dõi Fanpage để đừng bỏ lỡ phiên livestream đặc biệt này nhé!'],"['Tất cả, 20', 'Yêu thích, 9', 'Thích, 5', 'Haha, 5', 'Thương thương, 1']",['không có cái nóng nào bằng cái nóng lòng gặp các bạn yêu vào tối nay tại PHIÊN LIVESTREAM VÀO LÚC 20h TRÊN FANPAGE KẾT Board Game ạ'],3895,https://www.facebook.com/groups/306495668576061/posts/427116213180672/?__cft__[0]=AZUnKN0zo71rBaaOrpcgzKj0kio8UCLC63hxLmyWyd0nMnD1MrsXmBKJusfp8UoBrIZ3E97cP998Dc57PykyG-FGniGkdyrnT_eSCHX2uTqmiDFaJRncwf1ffxSnPK_-kxTyPGvoPBT1ZTJ1_bh4CltLhV_fBp0LzrB4ckwKgHwMqFMAFiPxcdBAC2qR2Vha-I0&__tn__=%2CO%2CP-R,"Thứ Ba, 5 Tháng 3, 2024 lúc 10:25",1
"['[MÁCH TIPS] MÌNH ĐÃ LÀM GÌ ĐỂ GIÚP BẢN THÂN PHÁT TRIỂN?\nHé lô mn, mình là một sinh viên năm 2 và đang trên hành trình “tự phát triển” của bản thân. Sau một khoảng thời gian đã áp dụng, rút kinh nghiệm và cải tiến thì sau đây là một số cách mình đã làm để cho khoảng đời sinh viên không phải hối tiếc:\nXác định mục tiêu: Hãy dành thời gian xác định mục tiêu trong tương lai và hiện tại của các bạn là gì, những gì các bạn muốn đạt được,.. Khi bạn đã xác định được mục tiêu, bạn sẽ có động lực để học hỏi và phát triển bản thân.\nLập kế hoạch: Sau khi xác định được mục tiêu, hãy lập kế hoạch để đạt được mục tiêu đó. Kế hoạch nên cụ thể, đo lường được, khả thi, thực tế và có thời hạn. Và nếu là một kế hoạch lâu dài, bạn nên chia nhỏ từng mốc thời gian để dễ kiểm soát hơn nhé.\nRèn luyện kỹ năng: Đó có thể là bất cứ kĩ năng nào, từ kĩ năng mềm đến kĩ năng cứng sẽ hỗ trợ bạn đạt được mục tiêu.\nLuôn giữ thái độ tích cực: Sẽ luôn có những thất bại trên hành trình ta đạt được mục tiêu. Nhưng sau mỗi cơn mưa trời sẽ nắng, nên hãy cứ tin bản thân mình, rút kinh nghiệm và tiếp tục đứng lên bạn nhé.\nHành động: Yếu tố quan trọng nhất! Bất kể bạn lên một kế hoạch tuyệt vời ntn, nếu bạn không “take action” thì sẽ không có gì có thể thực hiện và thay đổi được.\nPhát triển bản thân là một hành trình dài, nhưng nó sẽ mang lại cho bạn rất nhiều lợi ích và cơ hội. Khi bạn phát triển bản thân, bạn sẽ trở nên tự tin hơn, thành công hơn và hạnh phúc hơn đấy!']","['Tất cả, 49', 'Yêu thích, 32', 'Thích, 17']","['cái yếu tố cuối cùng là cái rào cản khó vượt qua nhứt khi bắt đầu cái gì đấy', 'Em cũng muốn phát triển nhưng cũng nghĩ ko thể nào tự phát triển mà ko có một môi trường phù hợp. Phải tham gia rồi mới thấy hai từ phù hợp hắn ảnh hưởng rất nhìu đến mỗi người á. Hy vọng mn tìm thấy một nơi nào đó thuộc về mình nhé!', 'Chi Bao vậy cậu tìm thấy nơi đó rồi sao, có thể xin một ít thông tin khum\nmình cũng đang tìm một nơi có thể phát triển', 'Tuấn Kiệt Về chỗ tui thì tháy không còn mở đợt tuyển nữa nhưng thấy bạn tui tham gia chỗ ni sắp mở đơn chạy ì ven rồi mấy cái việc cũng đa dạng lắm. Bạn tham khảo hì Đồng hành cùng Tuyển Thành viên AIESEC in Vietnam - chi nhánh Danang', 'Lâu nay mình chỉ suy nghĩ chớ chưa dám hành động', 'Bài viết xịnn quáaa củm ưn bạn đã chia sẻ', 'Hui , hiện tại mình cũng đang là SV năm 2 nhưng mình khá là hướng nội ý , mãi đến h vẫn chưa tìm được môi trường nào để tham gia học hỏi kinh nghiệm\na/c có bik CLB hay tổ chức nào có môi trường thân thiện rcm e vs ạ', 'Ngọc Nhi Mình recommend môi trường mình đang phát triển bản thân là ở BBE Thunder Chapter. Bạn tra trên facebook giúp mình hì, tại mình không tag được á.', 'Ngọc Nhi https://www.facebook.com/groups/1142046142671701/?ref=share&mibextid=NSMWBT: mình rcm bạn môi trường ở AIESEC nha , MN ở đây rất thân thiện và luôn sẵn sàng hỗ trợ bạn nè( một điều tuyệt dời hơn là môi trường sẽ giúp bạn rèn luyện kỹ năng giao tiếp tiếng a ó)', 'Như các bạn đã biết, chúng ta đang hiện sinh sống trong 1 thời đợi VUCA (thế giới đầy biến động, không chắc chắn, phức tạp và mơ hồ), việc chúng ta luôn phải liên tục trao dồi thêm cho mình những kỹ năng luôn là điều thiết yếu để bổ trợ cho công việc sau này. Hiện tại Mạnh đang tự rèn luyện cũng như học thêm 56 kỹ năng delta (do học viện McKinsey Global Institute đã nghiên cứu) để giúp mình có thể sinh tồn trong thế giới hiện nay. Và những kiến thức này Mạnh học được từ môi trường phát triển bản thân xung quanh Mạnh. Hy vọng những chia sẻ của mình hỗ trợ bạn thêm trên hành trình nâng cao giá trị của mình.']",4617,https://www.facebook.com/groups/306495668576061/posts/425698739989086/?__cft__[0]=AZX_9Va20Fhu1NlqFyrNUgqWcXhIMc080eea0gkKaZNJF_45WfwsHh9xZgEATpHtRQHtx6g2W7H6SmSXXwoZieveO-582Jjhn17gwdU8eKC8LTo6WpWJYGrHiBoEadIwPsg_VVlBRs4xI0Q9zt31_0XzWDQPvqRocP9gkNPwkL5kwd9y7TGAKoTCF-yvfG6_QtM&__tn__=%2CO%2CP-R,"Thứ bảy, 2 Tháng 3, 2024 lúc 19:45",11
['Bạn nào có đáp án đề cương quốc phòng học phần 2 k cho mk xin vs '],[],"['PASS FILES TÀI LIỆU ÔN TẬP (bài tập trắc nghiệm/ tự luận + đáp án/giải chi tiết, hệ thống lý thuyết theo chương, slide, quiz) cho các môn:', '+Triết học mác-lenin\n+Chủ nghĩa xã hội\n+Tư tưởng hcm\n+Kinh tế chính trị\n+Đường lối cm đảng cộng sản vn\n+Pháp luật đại cương\n+Lịch sử đảng\n+ Vi mô, vĩ mô, toán cc\n+Tiếng anh kinh doanh\n+Nguyên lý kế toán\n+Khởi nghiệp kinh doanh\n+Kinh doanh quốc tế\n+Tài chính quốc tế\n+Nhập môn kinh doanh\n+Hệ thống quản lý thông tin\n+Quản trị quan hệ khách hàng\n+Pháp luật trong du lịch\n+Quản trị tài chính\n+Kế toán tài chính\n+Nghiệp vụ ngân hàng\n+Thị trường và định chế tài chính\n+Tài chính công ty\n+Quản trị marketing\n+Luật kinh doanh\n+Quản lý nhà nước về kinh tế\n+Hành vi tổ chức\n+Cơ sở dữ liệu\n+Một số môn ngành Tài Chính Ngân Hàng', 'PHÍ SHARE 20K ĐỂ NHẬN TẤT CẢ', 'IB nếu có nhu cầu nha']",5334,https://www.facebook.com/groups/306495668576061/posts/425509470008013/?__cft__[0]=AZWtVQc-BbUT_89LUtYfTZDjRHpU17sgZLj9LRZzvDP2DRNJ61w4F4RXd50-M-fXO7ZYei6a2ydSxbfL0pTw_FiJylU22BFteMW7glmCDqDc0OA9RpXdmiEUx31mCVpw9-AluEF10nUX6wfi4OndECnDFBumtv5FWzmh1lWbiExnsHasKO-lCsJ5anvnpde0fL8eG30-FEIi-dXVr3GtvjXy&__tn__=%2CO%2CP-R,"Thứ bảy, 2 Tháng 3, 2024 lúc 11:42",1
['Topic\n\nReview CLB/hoạt động ngoại khóa các bạn đang hoặc từng tham gia'],"['Tất cả, 16', 'Yêu thích, 7', 'Haha, 5', 'Thích, 3', 'Thương thương, 1']","['CLB DUE Marketer\n: Tadaaa nhắc tới DUE thì không thể không nhắc đến CLB DUE Marketer - một trong số ít CLB học thuật ở trường. Tham gia CLB có siêu nhiều những lợi ích, trải nghiệm vui vẻ cùng với các anh chị ở đây, không quá khi nói nơi đây như là gia đình thứ 2 khi bước chân vào môi trường đại học với riêng bản thân mình. Các anh chị trong Ban chủ nhiệm và các thành viên ở các thế hệ rất tận tâm và luôn hết mình với các dự án. Luôn tự hào vì là một phần của DUE Marketer và hứa hẹn trong thời gian sắp tới sẽ có thêm thật nhiều những trải nghiệm quý giá', 'Thanh Phúc anh ni ban content đúng không =))))', 'Mình thì chưa từng join clb nào nhưng trc có được bạn rủ đi cái sự kiện chi của aiesec á thấy sinj dữ lun sau ni dìa mới biết ngta là tổ chức quốc tế\n. Sẵn đây cho t hủa có ai bít bên đó khi nào tuyển thành viên hem dọ', 'Ei tui cũng zị, tham gia sự kiện thấy mấy bạn xịn xò nên có tìm hiểu thì thấy có gr Đồng hành cùng Tuyển Thành viên AIESEC in Vietnam - chi nhánh Danang hay cập nhật thông tin tuyển thành viên nè, pà tham khảo thử nha', 'E ké vs ạ! e mún tìm các hoạt động ngoại khoá ( trong môi trường có cơ hội luyện tập tiếng anh ) ạ, a/c g/th giúp e vs ah', 'Ngọc Nhi Em tham khảo thử về CLB SEE CLUB Nhee', 'TÀI LIỆU TOEIC CHỈ 50K TẶNG KÈM TÀI LIỆU VSTEP\nTÀI LIỆU DRIVE CHỈ 50K CHO TẤT CẢ\n600 Essential words for Toeic (pdf + CD)\nBí kíp max điểm Part 1\nSucceed in Toeic (pdf + audio + answer&key)\nBig Step Toeic 1,2,3 (pdf + CD)\nTactics for TOEIC full book, test 1 +2 (pdf + CD)\nToeic Economy quyển vol 1-5 (pdf + CD)\nHacker Toeic 2,3 ( pdf + audio)\nDeveloping Skills for Toeic Test\nMột số Ebook khác\nLộ trình ôn toeic của Ms Hoa cho aim 800+\nKhoá học toeic cơ bản của cô Mai Phương\nKhoá học từ vựng Toeic\nKhoá ôn từ 350 - 650 +\nĐề luyện thi kèm video live sửa chi tiết\nVSTEP TẶNG KÈM\nCẩm nang hd luyện thi\nCác bộ đề thi thật các năm trước\nSách ngữ pháp A2, B1, B2\nMột số ebook khác\nAi có nhu cầu thì ib mk\nCÓ FEEBBACK BÊN TRANG CÁ NHÂN, BAO UY TÍN']",5726,https://www.facebook.com/groups/306495668576061/posts/423401543552139/?__cft__[0]=AZX1ftM5IlZdcHzhjalGoa_DojIR569DzHMc3SuXQkdBMKPLuco2iJd3cfjir_H3J_JbyUxpwMNKHjuDO2X5HoH0SQazLeiClD-4X9dtfI6VsPpFkSsQYrEKKFBqKqQYsoXfFB-OfFfA1pTzX25TwKhLoUGq4WIpYmq6oR5kculdpg1rz-SqZss-vX6Tx_UOwQmGqK7GouftliMg4VThgnII&__tn__=%2CO%2CP-R,"Thứ Ba, 27 Tháng 2, 2024 lúc 15:09",7
"['TIPS SINH TỒN Ở KHU QUÂN SỰ DÀNH CHO CÁC DUER\nHelu các bạn! Ngày 18/2 tới đây thì các bạn 49K-er sắp chuẩn bị lên đường ""nhập ngũ"" để học Quân Sự rồi đúng không nào. Và chắc hẳn không ít bạn sẽ cảm thấy bối rối vì chưa biết nên chuẩn bị những gì để có một chuyến đi học quân sự trọn vẹn. Thấy được nỗi niềm của các bạn thì mình, sẽ đưa cho các bạn những lời khuyên giúp cho các bạn có thể chuẩn bị một cách đầy đủ, chỉnh chu hơn nhá.\nLưu ý: Bài viết dựa trên trải nghiệm cũng như là quan điểm của cá nhân, vì vậy nếu có sai sót thì rất mong mọi người có thể góp ý nhé. Các bạn cũng không nhất thiết phải mang hết tất cả những vật dụng dưới đây mà hãy dựa vào nhu cầu của bản thân để mang theo nhé!\n1. Về áo quần, giày dép:\n+ Nay vào mùa lạnh nên mang những bộ đồ ấm, cần một quần dài, thoải mái để buổi sáng tập thể dục. Hạn chế mặc quần đùi ngắn vì các thầy sẽ khó chịu (đã có vài lần anh bị đuổi ra không cho vào ăn chỉ vì mặc quần đùi thui đó các bạn:>)\n+ Đi học sẽ mặc quân phục họ phát và đồ của mình, gồm 1 cái chăn, 1 gối, 2 bộ áo quần, 1 cái mũ ,1 cái mùng. Việc đầu tiên cần làm sau khi nhận đó là kiểm tra coi có rách không, có thì xin đồi liền => Ghi tên bằng bút bi lên áo quần, mũ để tránh thất lạc hay nhầm đồ nhé.\n+ Giày: Nên mang giày thể thao, cho tiện nhá các bạn, vì mình cũng phải đi lại nhiều. Ngoài ra thì mn nên mang theo 1 đôi dép nữa để tiện sinh hoạt nha\n+ Khăn: 1-2 cái tùy vào nhu cầu nè.\n+ Áo khoác: Buổi tối thì trời thường sẽ se se lạnh nên các bạn có thể mang theo 1 cái nha.\n\n2. Về vật dụng tùy thân:\n+ Tiền mặt: 1 triệu vnd học phí\n+ tiền chi tiêu (sinh hoạt, ăn vặt,…). Với khoản tiền sinh hoạt thì nó sẽ phụ thuộc vào nhu cầu và điều kiện của từng bạn nhé.\n+ Không nên mang những đồ dùng có giá trị cao như trang sức hay đồng hồ, máy tính, tiền mặt cũng không nên mang theo quá nhiều nha các bạn, vì ở đó mình có thể chuyển khoản để mua đồ nha, trừ việc đóng phí học quân sự.\n\n3. Về vật dụng sinh hoạt:\n+ Nên mang 1 cây viết, 1 quyển vở vì sẽ cần ghi chép nha các bạn + Dụng cụ ăn: Tô, chén, đũa, muỗng (tùy cách ăn, như mình thì dùng tô vì mấy ông cháu ăn nhanh lắm, bỏ hết 1 lần vào tô ăn cho tiện), nước rửa chén, giẻ rửa chén.\n+ Dụng cụ tắm rửa, vệ sinh: dầu gội, dầu xả các loại; ly, kem, bàn chải đánh răng, 1 cái khăn nhỏ. Mỗi phòng sẽ được cấp cho 1 cái xô để giặt đồ nên các bạn không cần mang nha.\n+ Dụng cụ sử dụng hàng ngày: Gương, lược, dây cột tóc, đồ mỹ phẩm, kem chống nắng(tùy vào nhu cầu), ngoài ra thì các bạn nên mang theo kem chống muỗi vì tối đến muỗi khá nhiều.\n+ Đồ để ngủ: 1 chiếc chăn mỏng, 1 cái gối nhỏ (recommend các bạn nên mang theo vì mặc dù họ có cấp chăn nhưng mà nếu bạn là 1 người không quá khéo tay trong mấy trò gấp nội vụ thì nên gấp 1 lần thiệt đẹp xong cứ để dưới gầm gường, khi thầy kiểm tra thì mình chỉ có việc chỉnh lại thui. Chăn nội vụ thì bạn nên lựa chăn nào vải mới và cứng để dễ gấp, đừng xài chăn mềm hay cũ quá ha) + Thuốc phòng ngừa (thuốc cảm, thuốc đau bụng,....) dầu gió,... + 1 cái gì đó để đựng nước:>\n+ Điện thoại di động là thiết yếu, nhưng các bạn nên bảo quản thật tốt, tránh trường hợp rơi vỡ hay mất cắp nhé.\n+ Đồ ăn mang theo: Mình thì khuyên mấy bạn không nên mang quá nhiều, nhưng có một món mình rất recommend mấy bạn mang theo. Đó chính là Mì Ly với Xúc Xích. Thường thì tối lại các bạn sẽ rất là đói nên mì ly sẽ là món cứu cánh cho các bạn rất nhìu đó nha, đỡ tốn công đi mua vì ở căn tin mì ly đắt hơn giá thị trường ó.\n4. Về “ kinh nghiệm cuộc sống”\n+ Cứ chill thuii: Các bạn cũng không cần mang quá đầy đủ. Nhiều khi thiếu này thiếu nọ rồi mặt dày xin xài ké đồ của mấy đứa trong phòng thì cũng hay kk, mọi người cũng zui zẻ, gắn kết hơn nè.\n+ Cứ chill thui (+2): Đi học quân sự thì không có deadline, không có task nên các bạn cứ thoải mái tận hưởng nhé.\n+ Ngoài ra thì ở đó cũng có sân bóng chuyền và không gian trống đủ để cho các bạn thể dục thể thao nha, có thể mang cầu để rủ mọi ngừi đá cho zui nè.\n+ Học bài hay thi cử thì cũng không quá căng đâu nè, thi trắc nghiệm thì các bạn hỏi bài nhau được nha còn khi thi bắn súng thì đối với các bạn nữ cứ theo chỉ dẫn của thầy còn các bạn nam thì mấy ông tâm lý vững xí nha (Mấy thầy dùng đòn tâm lý dữ lắm á, hãy tin vào chính mình đừng tin lời ông nào hếc:>)\n+ Nếu có thể, hãy kiếm một nhóm bạn chơi thân. Quân sự là nơi để nhiều người làm quen với nhau, maybe nó sẽ kéo dài đến suốt quãng đường ĐH còn lại. Nếu đc hãy tìm hiểu nhiều bạn hơn và làm thân với nhau nhé.\n+ Trong quá trình các bạn ở với nhau thì mình cứ hòa thuận vui vẻ nhó, đứng ra phân công làm việc, lau dọn hay rửa bát nè, mình sống tập thể nên đôi lúc cũng nhường nhịn nhau một xí nha, trong phòng thì ai có vấn đề gì hay ốm đau thì mình cũng cùng nhau giúp đỡ nè.\nBài viết cũng đã dài, mình cũng xin được dừng bút. Nếu các bạn có bất kì câu hỏi nào thì đừng ngần ngại vào box chat Sinh Tồn Ở DUE để chúng mình cùng giải đáp nhé! Chúc các bạn có 1 kì quân sự vui vẻ, trọn vẹn nhaa.\nTác giả: ĐẬU QUANG HƯỚNG WITH STOD\n#hocquansu #stod #due #hocquansudue']","['Tất cả, 151', 'Thích, 97', 'Yêu thích, 52', 'Thương thương, 1', 'Haha, 1']","['Mỹ Nhi', 'Mỹ Nhi mỗi tuần vô thăm t đem cho ít=}', 'Mỹ Nhi mập', 'Thanh Ngân Minh Khánh thí dụ ai cx đem thíu r ren', 'Thanh Nga đứa ni bù đứa kia', 'Nguyễn Trà Giang t ám ảnh qs đến giờ. May về kịp chữa vụ kiến ba khoang cắn:))', 'Phạm Linh nhạc báo thức huyền thoại', 'Ước đc đi lại lần nựa', 'Khánh Nguyên ai cho', 'Khánh Nguyên thứ 4 lẻn zào thăm trường', 'Giai Nguyệt Giao lên xe Q đèoViệt Hoàng', 'Dạ cho em hỏi có cần đem móc treo đồ ko ạ', 'Khieem Khieem có nhe', 'Bảo Đoàn vậy có cần đem theo sà phòng giặt đồ ko ạ', 'Khieem Khieem mang theo với đánh dấu cả lỡ nhầm lẫn nhen', 'Ngô Thị Bích Huyền', 'Huỳnh Mai Chi', 'Quỳnh Như', 'Hoàng Yến đợt 2 lận boà ơi', 'Minw Tô', 'Rùi có chung phòng vs ta khum đó', 'Minw Tô ai bt mô', 'Trúc Ly', 'Nguyễn Hương Giang', 'Ngô Anh Khoa Quốc An Ái Trân Ly Na Hoàng Công Thịnh Phạm Thị Như Tâm đọc đi rồi ngủ', 'Mỹ Duyên dô nghe con tâm kể chuyện đi r ngủ', 'Có đem theo tỏii hong ạ:)))', 'Ren hồi mình đi đc có 1 bộ đồ thôi taa Nguyễn Hồng Tâm', 'Lê Vi Thảo Nguyên đây nè ~~', 'Nguyễn Cát Tường chúc elm may mắn', 'Thu Hà củm ưn chị nhèo', 'Thoa Huynh', 'Việt Hoàng còn nhớ hay đã quên những đêm tìm sói', 'Giai Nguyệt Giao sao quên được nhờ đó mà mới biết được bộ mặt thực sự của Q', 'bộ mặt dth của dân làng luôn bị sói mưu mô Việt Hoàng ăn hiếp', 'Việt Hoàng ác ghê he', 'Đừng quên tủ thêm cho mình những bộ MA SÓI, UNO nhenn', 'Giai Nguyệt Giao đặt ở mô bày vs', 'Việt Hoàng đai\nhttps://www.facebook.com/Ketboardgame?mibextid=LQQJ4d', 'Tuyết Trinh', 'Le Phuong Oanh tới rồi đó :))', 'Bùi Thanh Thùy cíuu', 'Thuw Chần nhớ những đêm chơi ma sói trong khu quân sự hắn lạ lạ hì m :)))', 'Vy Phan òi má :)))))) hên dô nớ có mí bộ boardgame chớ k chán chếc ròi', 'Trần Thị Thanh Thuý', 'Vy Phan Thuw Chần Việt Hoàng Giai Nguyệt Giao UNO cười hohohooo nữa hong mấy êmmm', 'Thanh Hằng hâh để t4 đột nhập vào ta thử', 'tới tới nữa ròi c :)))', 'Trần Thị Thanh Thuý chúc e may mắn', 'Thu Ngân chúc e may mắn', 'Báo động tập trung']",6672,https://www.facebook.com/groups/306495668576061/posts/418085244083769/?__cft__[0]=AZX5pft6QyoTIV93U1X5_X64gEe8aGF4shMhzOzawZu7I5xeKe-xiwPUEnZ8g0W_tpG_sot-kR5TutNCGHkucmttnQXL4vxhZu0cRcHfQU6N_QzCdR1yop4pK7KBxqR57hOPMdVHbjoWO35bG0QBpXphQh2gS_Kz4mse3SohSfnm9DlwaexcGsT64hCGYuKAj0I&__tn__=%2CO%2CP-R,"Thứ bảy, 17 Tháng 2, 2024 lúc 20:56",53
"['đăng ký liền liềnnnn', 'Startup Runway DUE\nCộng đồng\nGửi tin nhắn\nStartup Runway DUE\ns\ne\no\nr\nS\no\np\nd\nt\nn\nf\n m\n0\n8\n2\n0\nc\ná\nu\nf\n1\nh\n7\nt\n0\ng\nt\nf\ni\n1\n0\nt\ni\nf\nu\n7\n3\n4\n1\n2\nh\ni\n4\n0\nu\n2\n g\n0\n8\n4\nt\nu\n0\nn\nu\n2\na\nt\n  ·\nTIA CHỚP LÓE NGANG - Ý TƯỞNG BỪNG SÁNG\n Thể lệ cuộc thi: http://tinyurl.com/thelecuocthisr2024 \n Hồ sơ đăng ký dự thi: http://tinyurl.com/hosodangkysr2024 \n Link đăng ký: http://tinyurl.com/formdangkysr2024 \n Thời gian đăng ký: Từ ngày 22/01/2024 đến ngày 03/3/2024\n----------------------------------\nGiữa không trung sâu thẳm kia, một tia chớp lóe lên báo hiệu một điều bất ngờ đã xuất hiện. Tại lúc này, Startup Runway chính thức rẽ sóng, mở ra một chuyến phiêu lưu mới đầy những điều thú vị. Bạn đã sẵn sàng để bước vào đó chưa?   \nThời khắc quan trọng đã đến, Cuộc thi Startup Runway 2024 xin thông báo MỞ ĐƠN ĐĂNG KÝ Ý TƯỞNG. Trở lại vô cùng ấn tượng với mùa thi thứ VIII, Cuộc thi rất mong chờ những sáng kiến độc đáo đến từ các bạn trẻ từ cấp Trung học Phổ thông đến Đại học trên khắp mọi miền đất nước. Với chủ đề mới lạ nhưng đầy tính thời đại “Toward a New Era: Empowering Sustainable Entrepreneurship”, Startup Runway 2024 hy vọng sẽ trở thành đại dương rộng lớn để các nhà khởi nghiệp trẻ có thể thỏa sức vẫy vùng, cho ra đời những ý tưởng kinh doanh hữu ích cho xã hội.\nNhững vấn đề về môi trường, xã hội vẫn luôn là mối quan tâm hàng đầu của nhân loại. Là thế hệ trẻ, chúng ta cần tạo ra được những mô hình nhằm giải quyết bài toán cân bằng giữa lợi nhuận và sự phát triển bền vững của xã hội. Startup Runway 2024 tin rằng, chủ đề này sẽ tạo nên bàn đạp vững vàng, giúp các đội thi vươn xa hơn trên con đường khởi nghiệp của chính mình.\nCác bạn đã sẵn sàng để tạo nên những cơn sóng ngầm mạnh mẽ trong năm nay chưa? Hãy bắt đầu hành trình của mình và cùng Startup Runway 2024 kiến tạo nên một kỷ nguyên bền vững nhé!\n----------------------------------\nMọi thắc mắc xin vui lòng liên hệ:\n Số điện thoại: 0932947161 (Đàm Trung Việt)\n0961907152 (Hồ Phan Anh Thư)\n Email: startuprunway2024@startuprunwaydue.com\n Fanpage: Startup Runway DUE\n Group: Cộng Đồng Kết Nối Ý Tưởng Khởi Nghiệp\n Địa chỉ: Văn phòng Đoàn Thanh niên - Hội Sinh viên - Phòng A101, Trường Đại học Kinh tế - ĐHĐN.\n#Startup #runway2024 #startuprunway #DUE #TowardaNewEra #EmpoweringSustainableEntrepreneurship', 'Startup Runway DUE\nCộng đồng\nGửi tin nhắn', 'Startup Runway DUE\ns\ne\no\nr\nS\no\np\nd\nt\nn\nf\n m\n0\n8\n2\n0\nc\ná\nu\nf\n1\nh\n7\nt\n0\ng\nt\nf\ni\n1\n0\nt\ni\nf\nu\n7\n3\n4\n1\n2\nh\ni\n4\n0\nu\n2\n g\n0\n8\n4\nt\nu\n0\nn\nu\n2\na\nt\n  ·', 'TIA CHỚP LÓE NGANG - Ý TƯỞNG BỪNG SÁNG\n Thể lệ cuộc thi: http://tinyurl.com/thelecuocthisr2024 \n Hồ sơ đăng ký dự thi: http://tinyurl.com/hosodangkysr2024 \n Link đăng ký: http://tinyurl.com/formdangkysr2024 \n Thời gian đăng ký: Từ ngày 22/01/2024 đến ngày 03/3/2024\n----------------------------------\nGiữa không trung sâu thẳm kia, một tia chớp lóe lên báo hiệu một điều bất ngờ đã xuất hiện. Tại lúc này, Startup Runway chính thức rẽ sóng, mở ra một chuyến phiêu lưu mới đầy những điều thú vị. Bạn đã sẵn sàng để bước vào đó chưa?   \nThời khắc quan trọng đã đến, Cuộc thi Startup Runway 2024 xin thông báo MỞ ĐƠN ĐĂNG KÝ Ý TƯỞNG. Trở lại vô cùng ấn tượng với mùa thi thứ VIII, Cuộc thi rất mong chờ những sáng kiến độc đáo đến từ các bạn trẻ từ cấp Trung học Phổ thông đến Đại học trên khắp mọi miền đất nước. Với chủ đề mới lạ nhưng đầy tính thời đại “Toward a New Era: Empowering Sustainable Entrepreneurship”, Startup Runway 2024 hy vọng sẽ trở thành đại dương rộng lớn để các nhà khởi nghiệp trẻ có thể thỏa sức vẫy vùng, cho ra đời những ý tưởng kinh doanh hữu ích cho xã hội.\nNhững vấn đề về môi trường, xã hội vẫn luôn là mối quan tâm hàng đầu của nhân loại. Là thế hệ trẻ, chúng ta cần tạo ra được những mô hình nhằm giải quyết bài toán cân bằng giữa lợi nhuận và sự phát triển bền vững của xã hội. Startup Runway 2024 tin rằng, chủ đề này sẽ tạo nên bàn đạp vững vàng, giúp các đội thi vươn xa hơn trên con đường khởi nghiệp của chính mình.\nCác bạn đã sẵn sàng để tạo nên những cơn sóng ngầm mạnh mẽ trong năm nay chưa? Hãy bắt đầu hành trình của mình và cùng Startup Runway 2024 kiến tạo nên một kỷ nguyên bền vững nhé!\n----------------------------------\nMọi thắc mắc xin vui lòng liên hệ:\n Số điện thoại: 0932947161 (Đàm Trung Việt)\n0961907152 (Hồ Phan Anh Thư)\n Email: startuprunway2024@startuprunwaydue.com\n Fanpage: Startup Runway DUE\n Group: Cộng Đồng Kết Nối Ý Tưởng Khởi Nghiệp\n Địa chỉ: Văn phòng Đoàn Thanh niên - Hội Sinh viên - Phòng A101, Trường Đại học Kinh tế - ĐHĐN.\n#Startup #runway2024 #startuprunway #DUE #TowardaNewEra #EmpoweringSustainableEntrepreneurship']","['Tất cả, 25', 'Yêu thích, 17', 'Thích, 4', 'Thương thương, 2', 'Wow, 2']","['Ib mình với ạ', 'Hế lô anh Khôi', '6 ngày đếm ngược', 'Chỉ 6 đêm nựa thui í', 'Xịn quá ạaa', 'anh tư vấn em được hok, em mắc thi quá roii', 'Hoàng Ngân luyền luyền luôn em ơi, vào team với anh và Trần Dương Quỳnh Trang luôn', 'Hà Khôi thức khuya như z chắc hẳn anh đang điền ý tưởng nhỉ', 'Hoàng Ngân bí mật đã được bật mí =)))))', 'omg quá tuỵt lun choa em theo vứi', 'Trà Giangg ko thít cho', '2ac này sao zị =))))', 'Việt Hoàng anh này hay nói ngược qá à', 'chừ điền form còn kịp hok ảnh', 'Võ Thị Kim Ngân tới luôn ngại gìii']",7368,https://www.facebook.com/groups/306495668576061/posts/406250181933942/?__cft__[0]=AZUqTKXXYfQQWBb6CFAPzqcFt1sh37l7cUE7xB49Bqjl6nDPM2eIDEFOk3Q1xoFSPbUVdXYGaXT4d5qe_-SzbGw3g7WvTBSK6M88SKqSOVVUqVCTdthM87rXACpfLI_LwGj5EH6M6Pr_bkGVYSzzAlEIwi-gMeqBenlAUE90SDBs2aBxi7o57ARIwnILr_QBsECvAK78PxKcWLRcjeDoks4z&__tn__=%2CO%2CP-R,"Thứ Ba, 30 Tháng 1, 2024 lúc 09:12",33
['Thứ 49K DUE cần nhất lúc này\n#sinhtonoDUE #j4f #onthicuoiki #ktvimo\n---------\nCác bạn ôn thi đến đâu rùiiii\nChúc các sĩ tử ngày mai thi tốt nhóo'],"['Tất cả, 90', 'Buồn, 29', 'Haha, 28', 'Thích, 21', 'Yêu thích, 10', 'Thương thương, 2']","['xịn địa chỉ với tui bất lực roàii', 'Việt Hoàng shopeee', 'Kim Thoa Trâm Khánh =))']",8601,https://www.facebook.com/groups/306495668576061/posts/397229296169364/?__cft__[0]=AZUTytFJXPl3Ks0GMQxZ6NtBeMosvMVmM8dC4GOS_qLQakW8qLJ6vIK1GejYrWYWkJwNGgndv4YeQoLjjVjyj2KegFmqnvLTKpp7Dz_kDEVBvl7zJIWfGr4lgw1mZmFSmSn-5EA0khiJ9XlcqtPP79dm3-vKyyWr18IzO3Yx3zgwLc6Vte08GidTC2b7WOtuUn4&__tn__=%2CO%2CP-R,"Chủ Nhật, 14 Tháng 1, 2024 lúc 22:56",3
"['LÀM THẾ NÀO ĐỂ BỎ QUA NỖI LO ÂU VÀ PHÁT HUY TRÊN CẢ MỨC BÌNH THƯỜNG KHI ĐI THI ?\nAyyo chiichii xin chào tất cả các em 49K, chị là Nhi, hiện tại chị đang là sinh viên năm 2 chuyên ngành TMĐT *tức khóa 48 DUE nè. Chứng kiến cái cảnh nhà nhà lo âu, trường lớp sợ hãi và panic trước kì thi cuối kì 49k upcoming vài ngày nữa thì chị cũng thấy hồi hộp thay các em nữa. Điều này thôi thúc chị không thể chần chừ hơn mà phải sharing ngay cho các em một chiếc mẹo mà chị mới tìm hiểu được gần đây, mẹo nhỏ xíu thôi *nhưng lại vô cùng có võ đấy ! Mong rằng sẽ giúp các em giải tỏa được căng thẳng, lo âu và làm chủ bài thi của mình!\n9 điểm trên giấy, 1 điểm học thêm mẹo nhỏ này coi sao nhé ~\nSự căng thẳng mệt mỏi những ngày cận kề có thể khiến em rơi vào trạng thái ""choke"" - dịch theo đúng nghĩa là: \'sự nghẹt thở đến tắc thở. Đặt trong câu chuyện kỳ thi Cuối Kỳ thì trạng thái này chính là ""choke under pressure"" - căng thẳng khiến chúng ta làm bài kém hơn, trong khi rõ ràng những câu hỏi của bài thi ấy đều nằm trong nội dung/kiến thức mà chúng ta đã học, thậm chí nắm rất rõ , đặc biệt là đối với các bé 49K - kỳ thi lớn đầu tiên sau Kỳ Thi THPT Quốc Gia mà các em đã từng trải qua.\nVậy liệu có cách nào hay ho có thể giúp các Tân Sinh Viên của chúng ta giữ vững được tâm lý trước ngày thi hay không ? Phải có lối thoát nào đấy chứ ?\nMẹo thần thánh mà chị đề cập nãy giờ chính là **""VIẾT NỖI LO ÂU RA MỘT TỜ GIẤY TRẮNG""\njournaling method\nĐiều này đã được chứng minh là có hiệu quả trong việc giúp SV cải thiện điểm thi qua 1 nghiên cứu của *Gerardo Ramirez và Sian L. Beilock - được đăng trên tạp chí Science - một tạp chí nghiên cứu nổi tiếng và uy tín nhất thế giới.\nCụ thể, nghiên cứu đã phát hiện ra rằng, những sinh viên có xu hướng dễ bị lo lắng về bài thi đã cải thiện điểm thi CAO HƠN *gần 1 ĐIỂM, tất nhiên là sau khi họ đã dành khoảng 10 phút để viết ra những điều mà họ cảm thấy lo lắng, sợ hãi.\nCÓ CƠ SỞ NÀO ĐỂ CHỨNG MINH CHO PHƯƠNG PHÁP NÀY KHÔNG ?\nCó chứ, giáo sư Beilock đã lý giải rằng, sự lo âu, căng thẳng và áp lực - có thể sẽ làm suy giảm 1 phần khả năng xử lý của TRÍ NHỚ NGẮN HẠN trong bộ não, hay còn gọi là ""working memory""\nTrí nhớ ngắn hạn - một bộ nhớ tạm thời giúp ta tiếp nhận và xử lý nhiều thông tin cùng lúc trong 1 khoảng thời gian nhất định. Ví dụ như việc em tự tính nhẩm, hay cố gắng ghi nhớ số điện thoại để gọi mà không cần ghi lại ra giấy.\nVà đương nhiên, chúng ta cần sử dụng đến cái ""working memory\n"" này rất nhiều trong cuộc sống, trong quá trình thi cử, học tập và làm việc.\nTuy nhiên thì trí nhớ ngắn hạn lại chỉ có một ""dung lượng nhất định"" mà thôi, nó không phải một *cái giếng không đáy, *hay một bầu trời xanh rộng lớn bao la. Việc căng thẳng lo âu liên tục sẽ khiến bộ nhớ ngắn hạn đó bị lấp đầy và không thể ""tiếp nhận"" thêm thông tin cũng như xử lý thông tin đó hiệu quả nữa.\nVì vậy, việc em viết ra sự sợ hãi của mình cũng chính là một nút ""DELETE"" thẳng tay xóa đi những tệp rác ""lo âu"" không cần thiết ra khỏi bộ nhớ của mình. Từ đấy, bộ nhớ của em sẽ trở nên thông thoáng hơn, em sẽ TẬP TRUNG và xử lý bài thi một cách tốt hơn nhiều trong một khoảng thời gian nhất định.\nChốt lại thì em có thể làm những gì 1 buổi tối trước kỳ thi Cuối Kỳ đầu tiên trên Đại Học? Lấy giấy bút ra chị bảo nàyyyy.\n1. Chuẩn bị sẵn những đồ dùng cần có cho ngày thi\nKhông được quên thẻ sinh viên, không được quên thẻ sinh viên, không được quên thẻ sinh viên, điều gì quan trọng nhắc lại 3 lần,Trường hợp nếu bị mất thẻ có thể đem CCCD thay thế, ngoài ra các em cần đem theo bút, thước, và các đồ dùng cần thiết cho môn thi của mình\nCũng đừng quên chuẩn bị cả quần áo, giày dép, cặp sách hay phụ kiện mà em định chưng diện nhé =)) đi thi nhưng cũng phải đẹp mà đúng hem !!! Tự tin thì mới tỏa sáng được\n2. Kiểm tra lại giấy tờ cần có, Check thật kĩ lịch thi của mình trên web trường, bao gồm chính xác giờ thi, phòng thi\nMột số môn được quy định đem tài liệu: giáo trình, slide vào phòng thi thì các em cứ đem nhé, nên chuẩn bị cách lật thật kĩ ở nhà trước để có thể kịp thời gian làm bài nhé\nKiểm tra thật kỹ lịch thi, và lên lịch thật chuẩn để không bị miss lịch thi nhé các em, Trường hợp một số bạn quên thi thì phải có lý do chính đáng( Nhập viện) mới được Phòng Đào Tạo tổ chức cho thi bổ sung, còn nếu không thì các em sẽ phải học lại và tham gia thi vào kỳ tiếp theo đấy, nên hãy chú ý thật kỹ, đừng để trường hợp đáng tiếc này xảy ra em nhé!\n3. Viết ra những lo âu sợ hãi nếu e cảm thấy căng thẳng *journal it all out !\n4. Cuối cùng là có một giấc ngủ sâu, ngon và thư giãn nhé ~~\nFinal của final này, chị chúc các bé Tân Sinh Viên 2K5 sẽ thi thật tốt, thật suôn sẻ, rằng là các em sẽ có một khoảng thời gian thật sự chilling với những bài toán, những kiến thức kinh tế vi mô, vĩ mô và cả những chiến lược Marketing trong phòng thi nhé. Một tips hơi ngại nhưng vẫn muốn share ra :> rằng là em hãy tự tin, hãy đập tay vào ngực trái và tin tưởng rằng **mình là người giỏi nhất, mình vip nhất cái phòng thi này rồi, không ai giỏi bằng mình luôn =))\nTin chị đi, hiệu quả lắm !! Chị tin đó là lý do vì sao mà ngày xưa, rõ là con bạn chị cùng lớp, nó học giỏi hơn mình, thông minh hơn mình nhiều, thế quái nào mà lúc biết điểm mình lại cao hơn nó. Ừ thì tại mình ""tự tin không ngại thằng nào chứ sao =)))"" đi thi có thể hất cằm lên tận giời nhưng gặp giám thị thì vẫn phải cúi đầu 90 độ chào đấy nhé =)))\nBài hơi dài rồi, nếu các em muốn tâm sự hay xin lời chúc or thậm chí các tài liệu ôn thi thì cứ thoải mái nhắn tin vào boxchat với các anh chị Admin trong Sinh Tồn Ở DUE nhé, không ngại tiếp các em bé đâu. Thế nhé ! Tự tin, chiến thắng ! Thân ái và hẹn gặp lại các em ở những bài post sau !\nBài viết cũng đúng với tất cả những sự kiện quan trọng khác khiến em cảm thấy căng thẳng như: phỏng vấn, thi cuối kì vấn đáp DUE, bảo vệ luận văn, first date với crush vân vân và mây mây.\nBài viết tham khảo nghiên cứu trên tạp chí Science, workshop của Beilock trên TEDMED và video của anh The Hanoi Chamomile và Chị Phương - Cựu Sinh Viên trường Đại Học Ngoại Thương.']","['Tất cả, 43', 'Yêu thích, 22', 'Thích, 17', 'Thương thương, 3', 'Buồn, 1']",['Việt Hoàng Quân sư xin chỉ giáo nhìu hơnnn'],9583,https://www.facebook.com/groups/306495668576061/posts/397032136189080/?__cft__[0]=AZXO9a8haAdc441YG0kZcVWI9B-Xk527Do3Sw11jfjZmlQEcHcIEWK4tZhC-UJDU00xk4q-hx6iFHUEua1y9k0f5chwXPMAU8lgQziVJ3y6mihCpYTFInDgygUVFfy3saYwYhYWIZ16W2CkGisGFs5qetfM90y-DDzBxmRYO_yT7PHGuwqDYE1H8hmpXz7q27HI&__tn__=%2CO%2CP-R,"Chủ Nhật, 14 Tháng 1, 2024 lúc 15:37",3
"['Chào các bạn! Dạo gần đây anh chị nhận được rất nhiều câu hỏi từ các bạn về các môn học, giảng viên, đề ôn thi, tips làm bài... Để tiện trong việc trao đổi, anh chị đã lập group messenger Sinh Tồn Ở DUE\nMục đích hoạt động:\nTạo môi trường lành mạnh, thảo luận tích cực, trao đổi và chia sẻ thông tin để các bạn sinh viên kịp thời nắm bắt.\nHỗ trợ học tập, chia sẻ tài liệu, kinh nghiệm ôn thi, giải đề các môn học đại cương..\nNguyên tắc tham gia:\nCác bạn tham gia tôn trọng, tích cực tương tác, không có yếu tố kích động, công kích nhau,...\nCập nhật thông tin và hỗ trợ nhau (những câu hỏi đã có giải đáp ở trên thì các bạn hỗ trợ trả lời lại cho các bạn khác..)\nCảm ơn các bạn đã tham gia, link group chị để dưới cmt nhé!']","['Tất cả, 33', 'Yêu thích, 18', 'Thích, 15']","['Link tham gia Group: https://m.me/ch/AbafmgWjlHExhcp9/', 'Việt Hoàng năm ngoái mình củm đượt z thì đỡ meet qué', 'Giai Nguyệt Giao nay có một cộng đồng trao đổi chia sẻ rùi đã ghê']",10865,https://www.facebook.com/groups/306495668576061/posts/391323680093259/?__cft__[0]=AZX8GeOHpxq1yQiODrbkEu0vg4Wm8qfeLNZSag1kdpvmfHQS3v6uUybhmGKAbff5tfIuLXg237eU-U69YA-9lJ2v8muIUoFlLLo5ur2VwEYR-is0AYHtOTdJZj-GcmMLYAEYlVD-rXgdWwyeKZqiR9IjdbedA_74oeRYlqIg2P3cM4W8r6wzz1Z7IydMtenJWZE&__tn__=%2CO%2CP-R,"Thứ Năm, 4 Tháng 1, 2024 lúc 16:24",3
['3 TỪ MIÊU TẢ TÌNH HÌNH ĐĂNG KÍ TÍN CHỈ SÁNG NAY:'],"['Tất cả, 31', 'Thích, 12', 'Buồn, 10', 'Yêu thích, 7', 'Haha, 2']","['Ai nở hoaaa giơ tayyy nèoo', 'Có ai bấm F5 mãi mà hong được hân', 'Giai Nguyệt Giao tuii', 'Giai Nguyệt Giao e bấm f5 là nó giảm sáng man hình chị ự', 'Võ Thị Ngọc Linh Lê Thị Thùy Trâm báo cáo tình hình 2 iemm', 'Việt Hoàng quá đã anh ơi:))) nhả vía 8p 3 mônnn', 'Võ Thị Ngọc Linh nhân phẩm này hơi caoo', 'Việt Hoàng 10₫ kh coá nhưng hehee', 'không đỡ được', 'Mạnh Trần f5 mãi thoai', 'Ánh Lai ổn', 'Tuỵt :>', 'Ngọc Linh chúc mừng elmm', 'Châu Giang nói nghe', 'Ánh Nguyễn chụy đã cứu em một mạng', 'Bị sì trét', 'Trần Thị Thu Hằng mới khởi động thui elm\nhọc thi sì chét hưn', 'Giai Nguyệt Giao xợ hãi dị chị', 'Trần Thị Thu Hằng đừng lo coá anh chị đây', 'Giai Nguyệt Giao', 'Thanhh Tâmm hic tới giờ vẫn còn xúc động', 'Như một cuộc hành trình gian nan =))', 'Nguyễn Quỳnh Hương nma vẫn đến được đích đúm hân emm', 'Nguyễn Quang Huy Thu Hà 2 con ng trái ngược nhau vô phát biểu cảm nghĩ nè', 'Ly Na Lê một chữ thôi ĐEN', 'Ly Na Lê 8h05 là dki xong 2 môn :))', 'Nguyễn Quang Huy t quên chưa cảm ơn hai đứa bay Ly Na Lê', 'Thu Hà ăn r báo mãi thôi', 'Xịn', '1 chữ thôi "" sunsilk""', 'Hoang Anh Nguyen lấy vía đầu năm, cuối năm thi củm mượt zz', 'Nguyễn Vũ Trúc NguyênHồ Thị Yến Vy 3 chị elm', 'Lê Thị Thùy Trâm mượt', 'Nguyễn Vũ Trúc Nguyên mạng bé ni super G', 'Lê Thị Thùy Trâm tuỵt', 'Ly Na Lê yêu cái cách anh ta từ chối t thật dứt khoát', 'Như Như may là có Na cíu đó, khao Na đi', '""3 tiếng rưỡi""', 'LINK ĐĂNG KÍ HỌC PHẦN BỔ SUNG:\nhttps://docs.google.com/.../1FAIpQLSf3x4tK508VRk.../viewform', 'ổn định trộm vía đc cả 3 môn', 'Trần Tài out trình', 'Kiều Trinh ez', 'Bị shock bởi khả năng biến hình thần tốc chữ “Chọn” và “Lớp đầy”']",11568,https://www.facebook.com/groups/306495668576061/posts/390622036830090/?__cft__[0]=AZW9dXaKou27Zmv7a8JjD4WxmqIL8N-JapXcewI3S853q0WZddZz4OvnSDokqAG1lb5HJavE405TbCOnPmF84NHYcDF_Ga-5397QNtmqQUbCOTD8orW4zvo8YBCudNBG0ARj8YrBGDmI-hTzdtUKQLsRUgLe4Bw9LmBKRle4u9phJOYRx8i0GplY6pZyE1c4MCY&__tn__=%2CO%2CP-R,"Thứ Tư, 3 Tháng 1, 2024 lúc 08:34",43
"['| TIPS ĐĂNG KÍ TÍN CHỈ |\nTop 10 những kỹ năng sinh tồn ở DUE:\nTop 1: Đăng kí tín chỉ\nMột trong những điều quyết định cuộc sống nở hoa hay cuộc đời bế tắt trong kì tới là đăng kí tín chỉ. Lần đầu lúc nào cũng sẽ có những bỡ ngỡ, không lòng vòng, xem ngay tips hay mình đã đúc kết và tổng hợp được để đăng kí tín chỉ thành công nhaaa.\nKiểm tra thời khoá biểu cố định và lên kế hoạch môn học của kì tới\nBước này sẽ giúp các bạn xác định được những khoảng thời gian trống để đăng kí các môn thêm. Tuỳ vào kế hoạch cá nhân để lựa chọn số lượng và học phần phù hợp. Có một vài lưu ý ở bước này:\nXác định mục tiêu của bản thân: muốn học nhanh để đỡ cho các kì sau thì có thể đăng kí nhiều môn, muốn có học bổng thì chỉ cần đăng kí đủ trên 15 tín (có điều kiện kèm theo), …\nXem xét các môn học cứng và lựa chọn thêm học phần phù hợp để đạt được mục tiêu của mình. Các xem môn cứng có ở bài đăng trước đó, các bạn có thể lướt xuống có huống dẫn chi tiết nha. Khi lựa chọn học phần: nên hỏi review về các môn học và thầy cô để có thêm thông tin và cân nhắc lựa chọn. Một số môn đại cương mình đánh giá là khá “ét o ét” với nhiều sinh viên: Kinh tế vĩ mô, Luật kinh doanh, Hệ thống thông tin và quản lí, Triết học Mác-Lênin, Tư tưởng Hồ Chí Minh, ….\nGhi ra những học phần bạn muốn đăng kí: nên ghi ra và sắp xếp theo thứ tự “nguyện vọng” từ cao đến thấp. Một học phần cần chuẩn bị ít nhất 3 phương án để đề phòng không đăng kí được những nguyện vòng đầu tiên.\nNhững điều cần lưu ý trong giờ đăng kí:\nĐăng kí bằng lap, máy tính và đảm bảo đường truyền kết nối mạng tốt\nLink đăng kí: http://tinchi.due.edu.vn\nNhập trước tài khoản và mã xác thực và chờ 7h59p (nhấn Enter đăng nhập vào giây thứ 57s - 59s) vì lúc đó hệ thống có nhiều người cùng đăng nhập vào.\nTải lại trang thường xuyên để mã xác thực nó đảm bảo vẫn còn hiểu lực. Trường hợp không hiện mã xác thực: Nhấn chuột phải → Chọn tải ảnh qua trang mới/ Tạo mã QR và quét mã.\nChỉ sử dụng một tab trình duyệt để đăng ký tín chỉ.\nKiên nhẫn - Kiên nhẫn - Kiên nhẫn: điều quan trọng nhắc lại 3 lần. Nếu web sập thì cứ kiên trì F5 - F5 - F5\nNhớ check thời khóa biểu đã đăng ký bằng cách vào phần “Xem học phần đã đăng ký” để kiểm tra lại chắc chắn các bạn đã đăng ký tất các môn mà các bạn muốn học. Tốt nhất nên chụp màn hình lại để làm minh chứng.\nCheck lại xem có môn nào bị hủy học phần trên web trường để đăng ký bổ sung vào hôm cho đăng ký dành cho các bạn bị hủy học phần.\nTrường hợp mình hong đăng kí được thì lập tức liên hệ bạn bè thân hữu, bạn nào đăng kí được thì nhờ đăng kí giúp nhée.\nChúng mình cũng có tạo group để trao đổi, thảo luận thêm về việc đăng kí tín chỉ, các bạn có thể tham gia để trao đổi thêm nha (Link box mình để ở comment).\nCuối cùng, chúc các bạn đăn kí thành công']","['Tất cả, 80', 'Thích, 50', 'Yêu thích, 29', 'Thương thương, 1']","['Link box chat: https://m.me/ch/AbafmgWjlHExhcp9/', 'Nguyễn Thị Thu e đọc qua nèe', 'Hạ Vy i think u need this', 'T đã học tips này nằm lòng và t cũng trải qua 3 lần đk tín chỉ, chưa lần nào t đk được.\nT biết nên trách t nhân phẩm kém, chúc 49K giống t', 'Ngô Thị Bích Huyền', 'Huỳnh Mai Chi rén', 'F5 trong vô vọng ạ', 'Trường sẽ mở lớp học phần bổ sung nè, e theo dõi để dkdi nhenn', 'Link đăng kí học phần bổ sung: https://docs.google.com/.../1FAIpQLSf3x4tK508VRk.../viewform']",12545,https://www.facebook.com/groups/306495668576061/posts/390435320182095/?__cft__[0]=AZXM-9FqUEHzPcLhjAPN-_v96VMmhaZWBubstYzRsoPbOa5pkOHRZNZFQnOwvG8IesU-PU_0-aYRe_Bci-TYvtpfplsyIYCjQUK4et9slnRCpEpk_Av6VbA9kZzAm1TO6A1MTRRC4xhaYUHzqmjv2hl68M7HZBzvASMC5WSLjjgkV-h911ek-h2rOovo6vpryTc&__tn__=%2CO%2CP-R,"Thứ Ba, 2 Tháng 1, 2024 lúc 23:04",10
"['Ngày mai sẽ là ngày các bạn 49K đương đầu với 1 cuộc chiến ""1 mất 1 còn"" là Đăng Kí Tín Chỉ và không ít bạn đang cảm thấy khá là lo lắng vì chưa biết nên tra lịch biểu các môn tự chọn để đăng kí như thế nào. Đừng lo lắng vì sau đây sẽ là 5 bước để giúp các bạn có thể tra cứu lịch biểu các môn để các bạn có thể nắm lịch học của các môn mình dự định đăng kí, vừa thuận tiện cho việc lên kế hoạch đăng kí tín chỉ phù hợp nè']",[],[],13517,https://www.facebook.com/groups/306495668576061/posts/390381550187472/?__cft__[0]=AZWaiSTuWWrI-TPzmUQQlSDF6ZIArGI8GrdLPl6Gh-8nkIKkBm_CxoyCaCdfzgQfg-7tdIBBUqLumMozz6AsRiVBlIa1bk-mEw-bRnUQNg-kh_hPHZOUSz_VGddKFXPYNiMZyhw1wmBs0ONFJ8OzsltGkN38rPIaxwTP12ZIXzePDo2TaL9wAqC-PUEnGCSF0I8&__tn__=%2CO%2CP-R,"Thứ Ba, 2 Tháng 1, 2024 lúc 20:58",2
['Dạ ac ơi có thể hướng dẫn em cách đăng kí tín chỉ và cách tra môn+ thầy cô dạy trong kỳ 2 được không ạ!'],"['Yêu thích, 1']",['Ib anh nè'],14703,https://www.facebook.com/groups/306495668576061/posts/389848220240805/?__cft__[0]=AZU0gzrg2eg5yZMmS4uyMDhqAcdeka_hwl47pf_SvkefFTVTfbsFJTGk3xXYiv4RZ7rZDIf1O1a7kqYiAUWK_7aKy7oVL43Lkee_7OkENO6I-ZeDl5RMfOgZ_3ekRFbzuWoWYuXtDbrUXO5WZl5958zJhJTeSGK0Gjitw1tfxjEqQKRDVwUoYvCTie824F2M9vLpp40fRrtz7rdON-crTykh&__tn__=%2CO%2CP-R,"Thứ Hai, 1 Tháng 1, 2024 lúc 22:30",1
['em chào anh chị ạ. anh chị cho em hỏi TKB cứng của em có những môn này rồi thì nên đki thêm môn gì nữa ạ. với lại anh chị có thể chia sẻ cho em cách học triết và lịch sử đảng để sắp tới em thi cuối kì được không ạ. em 49k ạ'],"['Thích, 1']","['Tuỳ vào mục tiêu học tập và khả năng của em nè, nếu em muốn đẩy nhanh học sớm các môn để năm 3,4 đỡ thì có thể đăng kí thêm để học. Nếu khum thì học chừng ấy vứi thêm 1-2 môn kinh tế chính trị là được nè. Cách học triết thì em chịu khó lướt xuống dưới có bài chia sẻ rùi nè. Còn lịch sử Đảng thì chị nghĩ nên tập trung ôn những kiến thức trong phần hướng dẫn ôn tập cuối kì của thầy cô, học trọng tâm và khuyến khích vẽ bảng, sơ đồ để đỡ nhầm lẫn các ý nghĩa lsu với bài học kinh nghiệm qua từng giai đoạn.', 'Giai Nguyệt Giao dạ em cảm ơn chị ạ']",15040,https://www.facebook.com/groups/306495668576061/posts/389232776969016/?__cft__[0]=AZXZo9fzGhij7xPfx6cuq8zYYZecByM2VgKAEnhuunqxAgIcASfXdxPPa9gCvT1HYeByxSJfJlMfm8obGoLK93Vu0xs6nYMEvBuN0av4pN2WPk4vuf_B4bkItIbP_KVW2D4UEB3pSAvKtJZ95DWUodjJWtx2kLGEHm6lmLEofjSnoXz1GXrjtIwd_QoNddo71GAISSada54_4zDEMFR2kgrV&__tn__=%2CO%2CP-R,"Thứ Hai, 1 Tháng 1, 2024 lúc 22:30",2
"['Cho em hỏi tkb như thế này thì em nên đăng kí thêm môn nào nữa ạ, sẵn tiện cho em xin tên thầy/cô dạy môn đó ổn ạ']","['Thích, 2']","['Em có thể đăng kí thêm môn Chủ Nghĩa Xã Hội Khoa Học nha', 'Quang Huong cho e hỏi môn CNXH nên đki ai ạ?', 'Nhỏ Đào cô Thu Hiền ó emm, cô được review là hiền và dạy hayy, điểm cũng hong khó ó em, với cả cô hay chỉ tips để thi trong quá trình học nựa', 'Quang Huong cho e hỏi còn thầy Cử ổn khum ạ do e đi quân sự đợt 2 mà cô chỉ dạy cho qsu đợt 1 ạ', 'Nhỏ Đào thầy Cử cũng oke mà chị học bị buồn ngủ á em\nem có thể chọn cô Từ Ánh Nguyệt hoặc cô Kim Liên cũng oki nè', '￼.']",16238,https://www.facebook.com/groups/306495668576061/posts/389639480261679/?__cft__[0]=AZVN1XXSk10WBKMftHlm-4vWvmomEaBq37Uur5ggHjjavebYrRV51gsOkiAG4fLXhFvMJ2XKJeQnXR6XK7Qz_aMMKnCCspka2EYMUCgS58z0-g39vOPGMOVgMdK7paMU7hr7jZwzzmqzJDLZwYxeUorUhU8nPTq2BUnqByVbq_7TaSngHK-FEOB8tzTT7wxvEEE0zkPkueDoLNa3FWjJ-rRa&__tn__=%2CO%2CP-R,"Thứ Hai, 1 Tháng 1, 2024 lúc 18:09",6
"['Tham gia tổ chức Cuộc Thi STARTUP RUNWAY 2024 hứa hẹn sẽ mang lại cho các bạn nhiều trải nghiệm, bài học cũng như những mối quan hệ quý giá trong môi trường làm việc chuyên nghiệp này! Vậy còn chần chờ gì nữa? Hãy apply ngay thôi nào', 'Đoàn Thanh niên - Hội Sinh viên Trường Đại học Kinh tế - Đại học Đà Nẵng\no\np\ns\ne\nS\nt\nn\no\nr\nd\n2\n5\ng\n3\ng\n8\n4\nf\n1\n9\n,\n0\n3\nf\nc\nh\nc\n4\n4\n3\nn\nh\na\n8\nt\n3\n0\n8\nl\n g\n4\n6\n6\n8\nu\n2\na\n0\n1\nt\n 3\n 2\n1\na\n4\ná\n0\n  ·\n[TUYỂN THÀNH VIÊN BAN TỔ CHỨC STARTUP RUNWAY 2024]\nBẠN ĐÃ SẴN SÀNG ĐỂ SOI SÁNG CHO CUỘC THI?\n Link đơn đăng ký: https://shorturl.at/pNQ12 \n CV: https://shorturl.at/euvI9 \n Mô tả công việc: https://shorturl.at/ikltN \n----------------------------------\nNhững con số chao đảo, những ý tưởng trải dài giữa đại lộ bao la, cuốn xoáy cùng cơn gió cuồng nộ, thoáng chốc thoắt ẩn thoắt hiện. Một tia sáng kì lạ lóe lên, đạp đường băng rẻ sóng âm, STARTUP RUNWAY 2024 đã chính thức MỞ ĐƠN TUYỂN THÀNH VIÊN BAN TỔ CHỨC để kiến tạo nên một hành trình mới.\nChặng đường 8 năm đồng hành cùng những nhà kinh tế trẻ, cuộc thi đã tưới tắm cho những ý tưởng đầy sáng tạo, độc đáo được nảy mầm. Bén rễ sâu trong ấn tượng của các nhà khởi nghiệp trẻ, Startup Runway đã có được chỗ đứng vững chắc, thành công gây được tiếng vang lớn. \nĐể tạo nên một sân chơi đầy hấp dẫn, bổ ích như thế, ngoài sự tham gia của người chơi, không thể thiếu đi sự đóng góp thầm lặng của các bạn Ban Tổ Chức. Nếu bạn cũng muốn hoàn thiện bản thân, trải nghiệm những điều mới, đừng ngần ngại hãy đăng kí trở thành người đồng hành cùng Startup Runway 2024 nhé. Vì biết đâu giữa hàng triệu cá thể, bạn chính là ánh sáng mà Startup Runway luôn kiếm tìm! \n----------------------------------\nTHÔNG TIN ỨNG TUYỂN\n Thời gian đăng ký: 30/12/2023 - 06/01/2024\n Đối tượng ứng tuyển: Sinh viên chính quy Khóa 47, 48 và 49 Trường Đại học Kinh tế - ĐHĐN\n----------------------------------\nMọi thắc mắc xin vui lòng liên hệ:\n Số điện thoại: 0932947161 (Đàm Trung Việt)\n Email: startuprunwaydana@gmail.com\n Fanpage: Đà Nẵng Startup Runway\n Group: Cộng Đồng Kết Nối Ý Tưởng Khởi Nghiệp\n Địa chỉ: Văn phòng Đoàn Thanh niên - Hội Sinh viên - Phòng A101, Trường Đại học Kinh tế - ĐHĐN.\n#Startup #runway2024 #startuprunway #DUE #socialentrepreneurship #towardasustainablefuture\n CAM Media - Youth DUE ', 'Đoàn Thanh niên - Hội Sinh viên Trường Đại học Kinh tế - Đại học Đà Nẵng\no\np\ns\ne\nS\nt\nn\no\nr\nd\n2\n5\ng\n3\ng\n8\n4\nf\n1\n9\n,\n0\n3\nf\nc\nh\nc\n4\n4\n3\nn\nh\na\n8\nt\n3\n0\n8\nl\n g\n4\n6\n6\n8\nu\n2\na\n0\n1\nt\n 3\n 2\n1\na\n4\ná\n0\n  ·', '[TUYỂN THÀNH VIÊN BAN TỔ CHỨC STARTUP RUNWAY 2024]\nBẠN ĐÃ SẴN SÀNG ĐỂ SOI SÁNG CHO CUỘC THI?\n Link đơn đăng ký: https://shorturl.at/pNQ12 \n CV: https://shorturl.at/euvI9 \n Mô tả công việc: https://shorturl.at/ikltN \n----------------------------------\nNhững con số chao đảo, những ý tưởng trải dài giữa đại lộ bao la, cuốn xoáy cùng cơn gió cuồng nộ, thoáng chốc thoắt ẩn thoắt hiện. Một tia sáng kì lạ lóe lên, đạp đường băng rẻ sóng âm, STARTUP RUNWAY 2024 đã chính thức MỞ ĐƠN TUYỂN THÀNH VIÊN BAN TỔ CHỨC để kiến tạo nên một hành trình mới.\nChặng đường 8 năm đồng hành cùng những nhà kinh tế trẻ, cuộc thi đã tưới tắm cho những ý tưởng đầy sáng tạo, độc đáo được nảy mầm. Bén rễ sâu trong ấn tượng của các nhà khởi nghiệp trẻ, Startup Runway đã có được chỗ đứng vững chắc, thành công gây được tiếng vang lớn. \nĐể tạo nên một sân chơi đầy hấp dẫn, bổ ích như thế, ngoài sự tham gia của người chơi, không thể thiếu đi sự đóng góp thầm lặng của các bạn Ban Tổ Chức. Nếu bạn cũng muốn hoàn thiện bản thân, trải nghiệm những điều mới, đừng ngần ngại hãy đăng kí trở thành người đồng hành cùng Startup Runway 2024 nhé. Vì biết đâu giữa hàng triệu cá thể, bạn chính là ánh sáng mà Startup Runway luôn kiếm tìm! \n----------------------------------\nTHÔNG TIN ỨNG TUYỂN\n Thời gian đăng ký: 30/12/2023 - 06/01/2024\n Đối tượng ứng tuyển: Sinh viên chính quy Khóa 47, 48 và 49 Trường Đại học Kinh tế - ĐHĐN\n----------------------------------\nMọi thắc mắc xin vui lòng liên hệ:\n Số điện thoại: 0932947161 (Đàm Trung Việt)\n Email: startuprunwaydana@gmail.com\n Fanpage: Đà Nẵng Startup Runway\n Group: Cộng Đồng Kết Nối Ý Tưởng Khởi Nghiệp\n Địa chỉ: Văn phòng Đoàn Thanh niên - Hội Sinh viên - Phòng A101, Trường Đại học Kinh tế - ĐHĐN.\n#Startup #runway2024 #startuprunway #DUE #socialentrepreneurship #towardasustainablefuture\n CAM Media - Youth DUE ']","['Tất cả, 14', 'Yêu thích, 9', 'Thích, 5']",[],16957,https://www.facebook.com/groups/306495668576061/posts/389716453587315/?__cft__[0]=AZXfQ8pff_CNqcoDRdNWiWA8gdkit9qif-aEKTNzEWh3Xg3RldsjGe3j5lvxgk_ih-d7aRDRfNE5vHnzXog0amljjD2cqUIcvpFx88ls5W3p5zizeOfqLixG7foOMlLex1-WIS7g3tuGkp9Z3SQS9ZpcQWVZY2a4ryq7lYVr9LtxLTxUmFlHBaP-zkuJFAud7lIxScKQjJP47Al-Df0Jp-zU&__tn__=%2CO%2CP-R,"Thứ Hai, 1 Tháng 1, 2024 lúc 14:52",1
['Mong được ad duyệt~\nAnh/ chị nào đi qua đọc được bài viết này có thể review giúp em về những thầy cô này được không ạ? Và cho em hỏi ngoài thể dục ra thì nên đăng kí thêm môn gì ạ?\nEm cảm ơn anh/ chị rất nhiều'],"['Yêu thích, 2']","['Cúi năm chăm họt', 'Chị chưa học thầy cô này nhưng mà những buổi đầu em chăm chú nghe thầy cô giới thiệu một tí để hiểu hơn cách dạy, cách cho điểm của thầy cô nè. Em có thể đăng kí thêm môn học chính trị, số lượng tuỳ theo khả năng của bản thân nhaa', '.', 'Người tham gia ẩn danh cô Thy Vân dạy hay, vui tính, quan điểm rõ ràng, điểm chát rành mạch nch là 0 có chỗ chê. Hân hoan lên e kakaaa', '.', '.', 'QTH cô Trân hơi bị ok lun á, cô dạy dth mà cho điểm cộng cx dễ nữa, cứ chăm phát biểu là điểm bao la lun', 'Nguyễn Thị Thùy Linh cô dạy tiếng anh đk chị', 'Anonymous participant đrui á bà']",18084,https://www.facebook.com/groups/306495668576061/posts/389037110321916/?__cft__[0]=AZXxq_pp8G4dthZSSoylqj5KXw8oQVzwW_zSgixSt4spuFdu3PRtZ4qeu5RssBIWpnN3Pe4VDBQOR9X4VA_qhtHa32xn9EPiced606U7OC9ANFLj-v1zDTTI_8SwhuFuJq2HghRMKQhe23VYmR5Dk1v1KLznYOrKbJaXEqvVGdTS5TQmjGPPVr9yKBaLC_G6GpOp_ckzea9V8CMzUv73py9V&__tn__=%2CO%2CP-R,"Chủ Nhật, 31 Tháng 12, 2023 lúc 19:49",9
['Thời khoá biểu của em trên elearning đã có 7 môn cứng rồi ạ. Thế thì em có nên đăng kí thêm môn hay không ạ. Em có thể hủy bớt môn cứng hay không. Anh chị cho em hỏi lịch nộp học phí là khi nào ạ. Em 49K ạ. Em cảm ơn.'],"['Thích, 7']","['câu thứ 1: anh k bt môn cứng của em bao gồm những gì nên a chưa thể giải đáp thắc mắc cho em những cũng tùy trường hợp mà e cũng có thể đăng kí thêm môn cho phù hợp với sự cân bằng của em nhé. Câu thứ 2: Môn cứng do nhà trường sắp xếp rồi nên e ko thể hủy dc nhé; thứ 3: Hiện tại chưa có lịch nộp học phí nhưng như năm ngoái là tụi anh nộp tầm cuối tháng 3 ó nên e đừng lo quá nhé', 'Việt Hoàng em có những môn này đây ạ', 'Người tham gia ẩn danh như này thì a cũng thấy hơi nhìu đó e ạ, dc thì e dki học cnxh nữa cho nhẹ hoặc chịu khó để tgian học hè các môn chính trị nhé', 'Việt Hoàng vậy em có thể k đki thêm mà để kì hè được không ạ. Vì ra tết em còn đi học quân sự nên hơi nặng tiền í ạ, hic', 'Người tham gia ẩn danh cũng phụ thuộc vào quyết định của e nữa nhưng anh nghĩ nếu hè chịu khó ở lại học dc xí thì để hè học nhé', 'Việt Hoàng em cảm ơn anh nhiều ạ']",19058,https://www.facebook.com/groups/306495668576061/posts/389199976972296/?__cft__[0]=AZWOo39pSBhKx5QRtRNk0MQPCv3MYY11ugZ4CuBVm_Nb353gPztthFuI1-M4L0QBhoNxMLk0p0JNyDYJtOvNnWr1t4TUrPA59fzM4iNJcBzb8wb1VmqQDzBHU_157cQQzSTu4Tvivcl3hvCNs8W3zTqoKmyBDQgqm376PQgDtsyN6ccb_ZStyAGW39IrftVlxClWM3gYyPlK9vclkiAPJFRk&__tn__=%2CO%2CP-R,"Chủ Nhật, 31 Tháng 12, 2023 lúc 19:49",6
['Anh chị ơi có ai có tài liệu trắc nghiệm ôn quản trị học không ạ! Có thể cho em xin khong ạ!'],[],"['Okie', 'Inb a nhó', 'Việt Hoàng em xin với ạ']",19565,https://www.facebook.com/groups/306495668576061/posts/375771718315122/?__cft__[0]=AZWjl4wAMzwcy-iKXuseN4vcOLaA65M2CjQD8fh-HkZim_Hpoo03eaUF7HClWZAFuHoIQmKZtKHGDRRLTM-83oZ8ZXa8cY53VKprULPd8oiSmng31FlWgbehm0Y3pc6sIOGxWPnisJQQ-1J1dnbWctZNVxUzeSEw5iGhEAl0OJIDoevpSL1dpejK1f94ybpb8l35DllbQjJT--DogCQ1h2k_&__tn__=%2CO%2CP-R,"Thứ bảy, 30 Tháng 12, 2023 lúc 15:46",3
"['em xin chào a/c ạ, a/c cho e hỏi một số câu mà e théc méc mãi vẫn chưa biết đc ạ?\nHọc phần ielts hay pre-inter 1,... là những học phần bắt buộc ạ? (do e thấy mấy a/c năm 2 đều đã học cái này và em đã pass bằng toiec vậy e có cần học những hp này ko ạ?)\nHọc phần GDTC là nhà trường mình chia theo môn như thế nào ạ? (do e chỉ thấy GDTC1, GDTC 2,...)\nEm xin cảm ơn mấy a/c rất nhìu ạ!!']","['Tất cả, 9', 'Thích, 5', 'Yêu thích, 4']","['chấm chấm', 'nhờ a/c giải đáp giúp e ạ', 'Chị chào em nha!! Đầu tiên là về việc pass học phần tiếng Anh, các học phần English Elementary, Communication 1 2... không bắt buộc nha, em nộp bằng TOEIC/ IELTS pass rồi thì những kì sau sẽ không học nữa. Hông biết em học chuyên ngành nào, nhưng nếu có bắt buộc thì sẽ là học phần Tiếng Anh Kinh Doanh nha.', 'Thùy Trâm c ơi còn các hp IELTS cũng không bắt buộc ạ?', 'Người tham gia ẩn danh các học phần IELTS là không bắt buộc nha em', 'Học phần GDTC thì mình sẽ học 4 kì (2 năm) gồm GDTC 1 2 3 4, kì đầu tiên là do nhà trường chọn, 3 kì sau em sẽ đăng ký tín chỉ chọn môn học thể dục (cầu lông, bóng chuyền, bóng rổ...) Môn em sẽ tự chọn, qua mỗi kì thì mức độ nó sẽ khó hơn xíu xiu hoy nha :>', 'Thùy Trâm Dạ e củm ưn c rất nhìu ạ']",20002,https://www.facebook.com/groups/306495668576061/posts/388569280368699/?__cft__[0]=AZVJ7HgmAGEECmQiQtr58Etj9r5acGlmKLVmhPC0BWxRgQA5enPNurs_ZLlro1pHzThwp9DTCDx7wB9MKFC5U7pnRgdPUbYMYyTcMfGKqwXXSGmNXMRPRL6jL2HPUa8PUe1EWGr9-z1iyfxDRyzemJdgXzfDsvkKzKpI66etKLjSwvNRqmM_ZkXaYwedJ9k4yNtOAncp1cbF8-2XS-KAypRo&__tn__=%2CO%2CP-R,"Thứ bảy, 30 Tháng 12, 2023 lúc 15:46",7
"['""TẾT DƯƠNG NĂM NAY, CON CÓ VỀ KHÔNG?""\nKhi con trả lời ""Con về chứ.""\nCha mẹ sẽ mừng biết bao, mua đồ để ""thiết đãi"" đứa con lâu ngày sống xa nhà. Lúc con đi thì cứ chèn rất nhiều đồ theo balo, chỉ sợ: trong Đà Nẵng nó thiếu.\nNhưng về nhiều quá, có khi chính ông bà lại bảo về gì mà về nhiều thế. Cứ trêu muốn ""đá"" con vào lại Đà Nẵng, nhưng nếu con vào thật, gia đình sẽ buồn lắm.\nCòn nếu ""Con không về được..""\nThì thường trực lúc tám giờ tối hàng ngày sẽ là tiếng mẹ hỏi han. Rồi xa xa vọng tiếng ông bà, tiếng cha bảo: Thiếu gì thì mang vào cho nó.\nRồi mẹ lại hỏi: ""Tuần này, con về không?"". Giấu sâu trong đó là mong muốn câu trả lời hai từ: có ạ.\nNhà là thế đấy, tuần nào cũng về, nhưng vẫn không khỏi nhớ. Nhớ hương vị và hơi ấm mà trong này chẳng thể có được.\n- Nay thứ sáu rồi.\n- Ừa, thi xong nay là được về nhà rồi.\nSinh viên DUE ơi, các bạn đã về ""nhà"" chưa?']","['Tất cả, 69', 'Yêu thích, 41', 'Thích, 22', 'Thương thương, 4', 'Buồn, 2']","['Tư bản giữ lại ko cho về ;((', 'Việt Hoàng liu liu', 'Khánh Nguyên', 'Việt Hoàng Đac Trung Nguyễn mỗi Huỳnh Quốc Hùng dc về thoii', 'Các bạn không ngại thì mình về chung kkk', 'Đọc xong chiều nay xách xe về liền', 'Thùy Trâm lẹt goooo', 'tui ở đai vứi pàa Dương Nhi', 'Giai Nguyệt Giao uii, bà k về quê hàaaa', 'Khac Ngoc Phuong Thi về chưa kìa']",20741,https://www.facebook.com/groups/306495668576061/posts/387948853764075/?__cft__[0]=AZXqyRm_-sQoq8KXtSjH0dtJGgZB6rrzJEjihxkkeSxb9R-VtPdqfOY46iLpHJRdnv2E-G2ogZKz9vcs9OorGrDAWMcYpch7MKjfWfigeNklkdOJf4bAtKWKBJDGdBtDcAJVcns2ruulDR94lS1JgzHTW7hwIgrGVJAYU9ucE_pJrpE3FJkQyCylr4Wdr_-X4QU&__tn__=%2CO%2CP-R,"Thứ Sáu, 29 Tháng 12, 2023 lúc 13:04",10
